{
"meta":{"test_sets":[],"test_metrics":[],"learn_metrics":[{"best_value":"Min","name":"Logloss"}],"launch_mode":"Train","parameters":"","iteration_count":1000,"learn_sets":["learn"],"name":"experiment"},
"iterations":[
{"learn":[0.6559949002],"iteration":0,"passed_time":0.1757458628,"remaining_time":175.570117},
{"learn":[0.6259529813],"iteration":1,"passed_time":0.1789001641,"remaining_time":89.27118188},
{"learn":[0.6034426558],"iteration":2,"passed_time":0.181426309,"remaining_time":60.29401003},
{"learn":[0.5806300808],"iteration":3,"passed_time":0.1834679042,"remaining_time":45.68350816},
{"learn":[0.5645983015],"iteration":4,"passed_time":0.1855904595,"remaining_time":36.93250145},
{"learn":[0.5472905488],"iteration":5,"passed_time":0.1872907215,"remaining_time":31.02782953},
{"learn":[0.5359441345],"iteration":6,"passed_time":0.1890840519,"remaining_time":26.82292336},
{"learn":[0.5242134324],"iteration":7,"passed_time":0.1907657563,"remaining_time":23.65495378},
{"learn":[0.5145128444],"iteration":8,"passed_time":0.1925391977,"remaining_time":21.20070499},
{"learn":[0.5083315337],"iteration":9,"passed_time":0.1941596426,"remaining_time":19.22180462},
{"learn":[0.5032015968],"iteration":10,"passed_time":0.1956016125,"remaining_time":17.58636316},
{"learn":[0.4991434575],"iteration":11,"passed_time":0.1966576162,"remaining_time":16.19147706},
{"learn":[0.4882694733],"iteration":12,"passed_time":0.1979888942,"remaining_time":15.03192604},
{"learn":[0.4773111257],"iteration":13,"passed_time":0.1993235968,"remaining_time":14.03807618},
{"learn":[0.4717711455],"iteration":14,"passed_time":0.2006351059,"remaining_time":13.17503862},
{"learn":[0.463154496],"iteration":15,"passed_time":0.202067902,"remaining_time":12.42717597},
{"learn":[0.4559848085],"iteration":16,"passed_time":0.2034416179,"remaining_time":11.76371238},
{"learn":[0.4535359921],"iteration":17,"passed_time":0.2047488771,"remaining_time":11.17018874},
{"learn":[0.4453481808],"iteration":18,"passed_time":0.2060767516,"remaining_time":10.64006807},
{"learn":[0.4387777365],"iteration":19,"passed_time":0.2075116059,"remaining_time":10.16806869},
{"learn":[0.4343162672],"iteration":20,"passed_time":0.2089637531,"remaining_time":9.741691156},
{"learn":[0.4309440367],"iteration":21,"passed_time":0.2099176919,"remaining_time":9.331795575},
{"learn":[0.4225826686],"iteration":22,"passed_time":0.2112457175,"remaining_time":8.973350694},
{"learn":[0.4179089558],"iteration":23,"passed_time":0.2126246541,"remaining_time":8.646735932},
{"learn":[0.4151898572],"iteration":24,"passed_time":0.2140225861,"remaining_time":8.346880859},
{"learn":[0.4124008766],"iteration":25,"passed_time":0.2154137755,"remaining_time":8.069731437},
{"learn":[0.4073645885],"iteration":26,"passed_time":0.2167740523,"remaining_time":7.811894553},
{"learn":[0.403354917],"iteration":27,"passed_time":0.2181593804,"remaining_time":7.573247063},
{"learn":[0.4006248413],"iteration":28,"passed_time":0.2194296479,"remaining_time":7.347109933},
{"learn":[0.3988543373],"iteration":29,"passed_time":0.220696015,"remaining_time":7.135837817},
{"learn":[0.3944635418],"iteration":30,"passed_time":0.2220575971,"remaining_time":6.941090696},
{"learn":[0.3882777443],"iteration":31,"passed_time":0.2234413131,"remaining_time":6.759099722},
{"learn":[0.3854389876],"iteration":32,"passed_time":0.224845381,"remaining_time":6.588651013},
{"learn":[0.3806442365],"iteration":33,"passed_time":0.2262225294,"remaining_time":6.427381278},
{"learn":[0.3744980619],"iteration":34,"passed_time":0.2275708613,"remaining_time":6.274453748},
{"learn":[0.371021146],"iteration":35,"passed_time":0.2289256674,"remaining_time":6.13012065},
{"learn":[0.368955904],"iteration":36,"passed_time":0.2302758475,"remaining_time":5.993395707},
{"learn":[0.3638804928],"iteration":37,"passed_time":0.2316276957,"remaining_time":5.863837982},
{"learn":[0.3592492897],"iteration":38,"passed_time":0.232994618,"remaining_time":5.741226355},
{"learn":[0.3537572642],"iteration":39,"passed_time":0.2343399842,"remaining_time":5.62415962},
{"learn":[0.3507447904],"iteration":40,"passed_time":0.2357018186,"remaining_time":5.513123024},
{"learn":[0.3484468267],"iteration":41,"passed_time":0.2370586851,"remaining_time":5.407195723},
{"learn":[0.345882519],"iteration":42,"passed_time":0.2384236025,"remaining_time":5.306311339},
{"learn":[0.3426558734],"iteration":43,"passed_time":0.2397881903,"remaining_time":5.209943407},
{"learn":[0.3394451363],"iteration":44,"passed_time":0.2411416105,"remaining_time":5.117560845},
{"learn":[0.3378310399],"iteration":45,"passed_time":0.2424530273,"remaining_time":5.028264958},
{"learn":[0.3340436283],"iteration":46,"passed_time":0.2437736162,"remaining_time":4.942899069},
{"learn":[0.3286071123],"iteration":47,"passed_time":0.2450749574,"remaining_time":4.860653322},
{"learn":[0.3249326348],"iteration":48,"passed_time":0.2463562579,"remaining_time":4.781322475},
{"learn":[0.3218033323],"iteration":49,"passed_time":0.2476621173,"remaining_time":4.705580229},
{"learn":[0.3190075021],"iteration":50,"passed_time":0.248941618,"remaining_time":4.632266578},
{"learn":[0.3166038981],"iteration":51,"passed_time":0.2502391889,"remaining_time":4.562052905},
{"learn":[0.3130113203],"iteration":52,"passed_time":0.251492064,"remaining_time":4.493641219},
{"learn":[0.3120528812],"iteration":53,"passed_time":0.2527985658,"remaining_time":4.428656357},
{"learn":[0.3092045038],"iteration":54,"passed_time":0.2540898041,"remaining_time":4.365724816},
{"learn":[0.3062248499],"iteration":55,"passed_time":0.2553765859,"remaining_time":4.304919591},
{"learn":[0.304818042],"iteration":56,"passed_time":0.2567034779,"remaining_time":4.246866309},
{"learn":[0.3029857156],"iteration":57,"passed_time":0.2580309761,"remaining_time":4.190778957},
{"learn":[0.3009270727],"iteration":58,"passed_time":0.2593458226,"remaining_time":4.136346086},
{"learn":[0.298185317],"iteration":59,"passed_time":0.2607051486,"remaining_time":4.084380662},
{"learn":[0.297591359],"iteration":60,"passed_time":0.2620162476,"remaining_time":4.033332074},
{"learn":[0.2931520432],"iteration":61,"passed_time":0.2633352517,"remaining_time":3.984007517},
{"learn":[0.2896989163],"iteration":62,"passed_time":0.2648018477,"remaining_time":3.938402084},
{"learn":[0.287022197],"iteration":63,"passed_time":0.2661102455,"remaining_time":3.89186234},
{"learn":[0.2838896205],"iteration":64,"passed_time":0.2675170412,"remaining_time":3.848129747},
{"learn":[0.2818027279],"iteration":65,"passed_time":0.2688537271,"remaining_time":3.804687593},
{"learn":[0.2795269301],"iteration":66,"passed_time":0.2702596282,"remaining_time":3.763466166},
{"learn":[0.2788317396],"iteration":67,"passed_time":0.2719410198,"remaining_time":3.727191624},
{"learn":[0.2773415022],"iteration":68,"passed_time":0.2733808547,"remaining_time":3.688660518},
{"learn":[0.2754653983],"iteration":69,"passed_time":0.2748969697,"remaining_time":3.652202598},
{"learn":[0.2726263033],"iteration":70,"passed_time":0.2762710503,"remaining_time":3.614870503},
{"learn":[0.2713479437],"iteration":71,"passed_time":0.2776499969,"remaining_time":3.57859996},
{"learn":[0.2684226713],"iteration":72,"passed_time":0.2790284762,"remaining_time":3.543279417},
{"learn":[0.2658595216],"iteration":73,"passed_time":0.280473724,"remaining_time":3.509711735},
{"learn":[0.2634287565],"iteration":74,"passed_time":0.2818567065,"remaining_time":3.476232714},
{"learn":[0.26170398],"iteration":75,"passed_time":0.2832231397,"remaining_time":3.44339712},
{"learn":[0.2586143277],"iteration":76,"passed_time":0.2847088657,"remaining_time":3.41280887},
{"learn":[0.2556972699],"iteration":77,"passed_time":0.2860555644,"remaining_time":3.381323466},
{"learn":[0.2534049221],"iteration":78,"passed_time":0.2873805426,"remaining_time":3.350347845},
{"learn":[0.2510745988],"iteration":79,"passed_time":0.2888278559,"remaining_time":3.321520343},
{"learn":[0.2483244874],"iteration":80,"passed_time":0.2900908628,"remaining_time":3.291277814},
{"learn":[0.2473113407],"iteration":81,"passed_time":0.2914142496,"remaining_time":3.262418062},
{"learn":[0.2461595253],"iteration":82,"passed_time":0.2927138537,"remaining_time":3.233959082},
{"learn":[0.2447837525],"iteration":83,"passed_time":0.2941254566,"remaining_time":3.207368075},
{"learn":[0.2438557305],"iteration":84,"passed_time":0.2955749565,"remaining_time":3.181777473},
{"learn":[0.2415255599],"iteration":85,"passed_time":0.2971150415,"remaining_time":3.157711022},
{"learn":[0.2398846065],"iteration":86,"passed_time":0.2985281775,"remaining_time":3.132830185},
{"learn":[0.2365363158],"iteration":87,"passed_time":0.299933933,"remaining_time":3.108406215},
{"learn":[0.2351323439],"iteration":88,"passed_time":0.3013059309,"remaining_time":3.084153966},
{"learn":[0.2319360268],"iteration":89,"passed_time":0.3026900442,"remaining_time":3.060532669},
{"learn":[0.2294197405],"iteration":90,"passed_time":0.3040787503,"remaining_time":3.037445978},
{"learn":[0.2264927127],"iteration":91,"passed_time":0.3055265076,"remaining_time":3.015413792},
{"learn":[0.2248227504],"iteration":92,"passed_time":0.3068488046,"remaining_time":2.992600707},
{"learn":[0.2212691381],"iteration":93,"passed_time":0.3082084768,"remaining_time":2.970605107},
{"learn":[0.2190123296],"iteration":94,"passed_time":0.3095504428,"remaining_time":2.948875271},
{"learn":[0.2182466277],"iteration":95,"passed_time":0.3108218655,"remaining_time":2.9269059},
{"learn":[0.2162356465],"iteration":96,"passed_time":0.3121056805,"remaining_time":2.905478655},
{"learn":[0.2157823955],"iteration":97,"passed_time":0.3133910197,"remaining_time":2.884476528},
{"learn":[0.2148138009],"iteration":98,"passed_time":0.3146639883,"remaining_time":2.863760136},
{"learn":[0.2146306071],"iteration":99,"passed_time":0.3159569176,"remaining_time":2.843612258},
{"learn":[0.2116053256],"iteration":100,"passed_time":0.3173065709,"remaining_time":2.824342646},
{"learn":[0.2114638936],"iteration":101,"passed_time":0.3185842739,"remaining_time":2.80479096},
{"learn":[0.2113618525],"iteration":102,"passed_time":0.3199026817,"remaining_time":2.785948597},
{"learn":[0.2089188524],"iteration":103,"passed_time":0.3212337864,"remaining_time":2.767552621},
{"learn":[0.2063869307],"iteration":104,"passed_time":0.3225794293,"remaining_time":2.749605611},
{"learn":[0.2038129231],"iteration":105,"passed_time":0.323903459,"remaining_time":2.73178955},
{"learn":[0.2023718415],"iteration":106,"passed_time":0.3252724261,"remaining_time":2.71465679},
{"learn":[0.2004897505],"iteration":107,"passed_time":0.3266045265,"remaining_time":2.697511459},
{"learn":[0.1974861823],"iteration":108,"passed_time":0.3279289424,"remaining_time":2.680593465},
{"learn":[0.1954320076],"iteration":109,"passed_time":0.3292068493,"remaining_time":2.66358269},
{"learn":[0.1953148623],"iteration":110,"passed_time":0.3304703147,"remaining_time":2.646739727},
{"learn":[0.1923796101],"iteration":111,"passed_time":0.3318038815,"remaining_time":2.630730775},
{"learn":[0.1908051507],"iteration":112,"passed_time":0.333126692,"remaining_time":2.614897131},
{"learn":[0.1883414189],"iteration":113,"passed_time":0.3344831857,"remaining_time":2.599579847},
{"learn":[0.1869440282],"iteration":114,"passed_time":0.3359872581,"remaining_time":2.585641073},
{"learn":[0.1860870167],"iteration":115,"passed_time":0.3373480117,"remaining_time":2.570824503},
{"learn":[0.1844459951],"iteration":116,"passed_time":0.3386827693,"remaining_time":2.556041755},
{"learn":[0.1834892854],"iteration":117,"passed_time":0.3399862071,"remaining_time":2.541252836},
{"learn":[0.182580356],"iteration":118,"passed_time":0.3412787368,"remaining_time":2.526609808},
{"learn":[0.181167164],"iteration":119,"passed_time":0.3426154872,"remaining_time":2.512513573},
{"learn":[0.181054044],"iteration":120,"passed_time":0.3439132731,"remaining_time":2.498345182},
{"learn":[0.1795724075],"iteration":121,"passed_time":0.3452586426,"remaining_time":2.484730231},
{"learn":[0.1790544767],"iteration":122,"passed_time":0.3465452066,"remaining_time":2.470895497},
{"learn":[0.1777565066],"iteration":123,"passed_time":0.3478928705,"remaining_time":2.457694795},
{"learn":[0.1753179984],"iteration":124,"passed_time":0.3492116784,"remaining_time":2.444481749},
{"learn":[0.1742229038],"iteration":125,"passed_time":0.350518827,"remaining_time":2.431376626},
{"learn":[0.1738394996],"iteration":126,"passed_time":0.3519132394,"remaining_time":2.41905715},
{"learn":[0.1721817495],"iteration":127,"passed_time":0.3532102102,"remaining_time":2.406244557},
{"learn":[0.1713000008],"iteration":128,"passed_time":0.3546041107,"remaining_time":2.394264965},
{"learn":[0.1701943688],"iteration":129,"passed_time":0.3559559973,"remaining_time":2.382167059},
{"learn":[0.169258838],"iteration":130,"passed_time":0.3572768735,"remaining_time":2.370027504},
{"learn":[0.1677303195],"iteration":131,"passed_time":0.358590278,"remaining_time":2.358002737},
{"learn":[0.1673771175],"iteration":132,"passed_time":0.3598811679,"remaining_time":2.345992275},
{"learn":[0.1672560583],"iteration":133,"passed_time":0.3611720922,"remaining_time":2.334142029},
{"learn":[0.1670052706],"iteration":134,"passed_time":0.3625011514,"remaining_time":2.322692563},
{"learn":[0.1654742423],"iteration":135,"passed_time":0.3637764111,"remaining_time":2.311050141},
{"learn":[0.163855249],"iteration":136,"passed_time":0.3651218762,"remaining_time":2.300001308},
{"learn":[0.1624164454],"iteration":137,"passed_time":0.3665019125,"remaining_time":2.289309048},
{"learn":[0.1606110622],"iteration":138,"passed_time":0.3678857225,"remaining_time":2.278774151},
{"learn":[0.1605354989],"iteration":139,"passed_time":0.3692071382,"remaining_time":2.267986706},
{"learn":[0.1595773953],"iteration":140,"passed_time":0.3705587247,"remaining_time":2.257517337},
{"learn":[0.1585660662],"iteration":141,"passed_time":0.3718916092,"remaining_time":2.247063385},
{"learn":[0.1571407534],"iteration":142,"passed_time":0.3732465915,"remaining_time":2.236869433},
{"learn":[0.1562720661],"iteration":143,"passed_time":0.3745744898,"remaining_time":2.226637245},
{"learn":[0.1553110671],"iteration":144,"passed_time":0.3759071681,"remaining_time":2.21655606},
{"learn":[0.1545672715],"iteration":145,"passed_time":0.3772702317,"remaining_time":2.206772451},
{"learn":[0.1530265895],"iteration":146,"passed_time":0.3787756387,"remaining_time":2.197929387},
{"learn":[0.1517658256],"iteration":147,"passed_time":0.3800992305,"remaining_time":2.188138814},
{"learn":[0.1505889487],"iteration":148,"passed_time":0.3814180496,"remaining_time":2.178434632},
{"learn":[0.14930089],"iteration":149,"passed_time":0.3827857547,"remaining_time":2.169119277},
{"learn":[0.149218798],"iteration":150,"passed_time":0.3843590645,"remaining_time":2.161065204},
{"learn":[0.1491466659],"iteration":151,"passed_time":0.3856606118,"remaining_time":2.151580255},
{"learn":[0.1482883906],"iteration":152,"passed_time":0.386987985,"remaining_time":2.142345251},
{"learn":[0.1482369232],"iteration":153,"passed_time":0.3882751013,"remaining_time":2.13299179},
{"learn":[0.1466214903],"iteration":154,"passed_time":0.3895777972,"remaining_time":2.123827346},
{"learn":[0.1457724849],"iteration":155,"passed_time":0.3908989585,"remaining_time":2.114863596},
{"learn":[0.1436051367],"iteration":156,"passed_time":0.3922730812,"remaining_time":2.106281576},
{"learn":[0.1417287176],"iteration":157,"passed_time":0.3936271011,"remaining_time":2.097683665},
{"learn":[0.1406421417],"iteration":158,"passed_time":0.3949886465,"remaining_time":2.089216677},
{"learn":[0.1386092488],"iteration":159,"passed_time":0.3963506076,"remaining_time":2.08084069},
{"learn":[0.1372910019],"iteration":160,"passed_time":0.3977164235,"remaining_time":2.072571921},
{"learn":[0.1356383321],"iteration":161,"passed_time":0.399048535,"remaining_time":2.064214027},
{"learn":[0.1355738963],"iteration":162,"passed_time":0.4003898141,"remaining_time":2.055989414},
{"learn":[0.1346905352],"iteration":163,"passed_time":0.4016888526,"remaining_time":2.047633419},
{"learn":[0.1344804143],"iteration":164,"passed_time":0.4027247478,"remaining_time":2.038031299},
{"learn":[0.1340623759],"iteration":165,"passed_time":0.4040801796,"remaining_time":2.03013777},
{"learn":[0.1329993159],"iteration":166,"passed_time":0.4055588911,"remaining_time":2.022937463},
{"learn":[0.1329626263],"iteration":167,"passed_time":0.4069423855,"remaining_time":2.015333718},
{"learn":[0.1328221967],"iteration":168,"passed_time":0.4083055157,"remaining_time":2.007703453},
{"learn":[0.1310820319],"iteration":169,"passed_time":0.4097329056,"remaining_time":2.000460657},
{"learn":[0.1299517977],"iteration":170,"passed_time":0.4111529449,"remaining_time":1.993250242},
{"learn":[0.1292254596],"iteration":171,"passed_time":0.4125708915,"remaining_time":1.986097082},
{"learn":[0.1287680539],"iteration":172,"passed_time":0.4139839937,"remaining_time":1.978987068},
{"learn":[0.1283514435],"iteration":173,"passed_time":0.4156636809,"remaining_time":1.973208049},
{"learn":[0.1275569155],"iteration":174,"passed_time":0.4170070489,"remaining_time":1.965890373},
{"learn":[0.1274656201],"iteration":175,"passed_time":0.4183080406,"remaining_time":1.95844219},
{"learn":[0.1273043243],"iteration":176,"passed_time":0.4197008053,"remaining_time":1.951490185},
{"learn":[0.1259982671],"iteration":177,"passed_time":0.4210748747,"remaining_time":1.944514309},
{"learn":[0.1259493553],"iteration":178,"passed_time":0.4224067668,"remaining_time":1.937407573},
{"learn":[0.124377241],"iteration":179,"passed_time":0.4237289727,"remaining_time":1.930320876},
{"learn":[0.123663266],"iteration":180,"passed_time":0.4250332412,"remaining_time":1.92321671},
{"learn":[0.1231562108],"iteration":181,"passed_time":0.4263316211,"remaining_time":1.916149814},
{"learn":[0.1218894616],"iteration":182,"passed_time":0.4276126016,"remaining_time":1.909068281},
{"learn":[0.1218422232],"iteration":183,"passed_time":0.428894615,"remaining_time":1.90205438},
{"learn":[0.1212838169],"iteration":184,"passed_time":0.4302528747,"remaining_time":1.89543834},
{"learn":[0.1206291538],"iteration":185,"passed_time":0.4315850201,"remaining_time":1.88876455},
{"learn":[0.1204819075],"iteration":186,"passed_time":0.4328460921,"remaining_time":1.881838893},
{"learn":[0.1200978033],"iteration":187,"passed_time":0.4341654202,"remaining_time":1.875225113},
{"learn":[0.1194112579],"iteration":188,"passed_time":0.4355411205,"remaining_time":1.868909253},
{"learn":[0.1186590067],"iteration":189,"passed_time":0.4369241731,"remaining_time":1.862676738},
{"learn":[0.1176153932],"iteration":190,"passed_time":0.4382532078,"remaining_time":1.856266205},
{"learn":[0.1174978283],"iteration":191,"passed_time":0.4395628092,"remaining_time":1.849826822},
{"learn":[0.1171064553],"iteration":192,"passed_time":0.4408446415,"remaining_time":1.843324485},
{"learn":[0.1157897822],"iteration":193,"passed_time":0.4421489022,"remaining_time":1.83696915},
{"learn":[0.1157431302],"iteration":194,"passed_time":0.4434238207,"remaining_time":1.830544491},
{"learn":[0.1148216851],"iteration":195,"passed_time":0.444874777,"remaining_time":1.824894494},
{"learn":[0.1147574509],"iteration":196,"passed_time":0.4461485631,"remaining_time":1.818564955},
{"learn":[0.1147159477],"iteration":197,"passed_time":0.4475303542,"remaining_time":1.81272396},
{"learn":[0.1140284504],"iteration":198,"passed_time":0.4488973164,"remaining_time":1.806868093},
{"learn":[0.1136334617],"iteration":199,"passed_time":0.4502081881,"remaining_time":1.800832752},
{"learn":[0.1126985785],"iteration":200,"passed_time":0.451509322,"remaining_time":1.794805713},
{"learn":[0.1116067987],"iteration":201,"passed_time":0.4528390469,"remaining_time":1.788938413},
{"learn":[0.1115594135],"iteration":202,"passed_time":0.4540749082,"remaining_time":1.7827473},
{"learn":[0.111160927],"iteration":203,"passed_time":0.4554230089,"remaining_time":1.777042721},
{"learn":[0.1103257286],"iteration":204,"passed_time":0.4567328987,"remaining_time":1.771232461},
{"learn":[0.1091317324],"iteration":205,"passed_time":0.4580841551,"remaining_time":1.765625336},
{"learn":[0.1085063108],"iteration":206,"passed_time":0.4595429688,"remaining_time":1.760471373},
{"learn":[0.1072022903],"iteration":207,"passed_time":0.4609809877,"remaining_time":1.755273761},
{"learn":[0.1067112719],"iteration":208,"passed_time":0.4622620965,"remaining_time":1.74951827},
{"learn":[0.1055803549],"iteration":209,"passed_time":0.4635848898,"remaining_time":1.743962205},
{"learn":[0.1048150394],"iteration":210,"passed_time":0.4650875257,"remaining_time":1.739118757},
{"learn":[0.1047693212],"iteration":211,"passed_time":0.4664622853,"remaining_time":1.733831513},
{"learn":[0.103712278],"iteration":212,"passed_time":0.4678633263,"remaining_time":1.728678112},
{"learn":[0.1028297002],"iteration":213,"passed_time":0.4692638184,"remaining_time":1.723557763},
{"learn":[0.1015952136],"iteration":214,"passed_time":0.4705533052,"remaining_time":1.718066719},
{"learn":[0.1014749081],"iteration":215,"passed_time":0.4718801094,"remaining_time":1.712750027},
{"learn":[0.1010143592],"iteration":216,"passed_time":0.4733365437,"remaining_time":1.707937851},
{"learn":[0.1001724429],"iteration":217,"passed_time":0.4747685485,"remaining_time":1.70306883},
{"learn":[0.09944100905],"iteration":218,"passed_time":0.4760762628,"remaining_time":1.697787951},
{"learn":[0.09829837809],"iteration":219,"passed_time":0.4774456939,"remaining_time":1.692762006},
{"learn":[0.09820377556],"iteration":220,"passed_time":0.4787572813,"remaining_time":1.687565259},
{"learn":[0.09720580201],"iteration":221,"passed_time":0.4802320786,"remaining_time":1.682975483},
{"learn":[0.09638777224],"iteration":222,"passed_time":0.4817169171,"remaining_time":1.678448631},
{"learn":[0.09470693823],"iteration":223,"passed_time":0.4830733748,"remaining_time":1.673504191},
{"learn":[0.09465710795],"iteration":224,"passed_time":0.4843659967,"remaining_time":1.668371766},
{"learn":[0.09462866533],"iteration":225,"passed_time":0.4856173537,"remaining_time":1.663131999},
{"learn":[0.09453228134],"iteration":226,"passed_time":0.4868786947,"remaining_time":1.65796137},
{"learn":[0.09448245119],"iteration":227,"passed_time":0.4881327901,"remaining_time":1.6528005},
{"learn":[0.09374972214],"iteration":228,"passed_time":0.4895275142,"remaining_time":1.64814722},
{"learn":[0.09320339814],"iteration":229,"passed_time":0.4909223128,"remaining_time":1.643522525},
{"learn":[0.09257191885],"iteration":230,"passed_time":0.4922913594,"remaining_time":1.638840067},
{"learn":[0.09231814844],"iteration":231,"passed_time":0.4938454831,"remaining_time":1.634798841},
{"learn":[0.09209980195],"iteration":232,"passed_time":0.4953860982,"remaining_time":1.630734495},
{"learn":[0.09162124477],"iteration":233,"passed_time":0.4972640134,"remaining_time":1.627795873},
{"learn":[0.09150123253],"iteration":234,"passed_time":0.4989303626,"remaining_time":1.624177563},
{"learn":[0.09111292086],"iteration":235,"passed_time":0.5004673758,"remaining_time":1.620157098},
{"learn":[0.09089261867],"iteration":236,"passed_time":0.5019404621,"remaining_time":1.615951783},
{"learn":[0.08993572295],"iteration":237,"passed_time":0.5037214719,"remaining_time":1.612755301},
{"learn":[0.08961446318],"iteration":238,"passed_time":0.5056609189,"remaining_time":1.610075143},
{"learn":[0.08959095123],"iteration":239,"passed_time":0.507180118,"remaining_time":1.606070374},
{"learn":[0.08930177534],"iteration":240,"passed_time":0.5086276052,"remaining_time":1.601860383},
{"learn":[0.08893524147],"iteration":241,"passed_time":0.5101327945,"remaining_time":1.59785396},
{"learn":[0.0889067973],"iteration":242,"passed_time":0.5115679794,"remaining_time":1.593650043},
{"learn":[0.08881683637],"iteration":243,"passed_time":0.5130049848,"remaining_time":1.589474461},
{"learn":[0.08812344536],"iteration":244,"passed_time":0.5144057664,"remaining_time":1.585209607},
{"learn":[0.08762457926],"iteration":245,"passed_time":0.5157659782,"remaining_time":1.580843689},
{"learn":[0.08736046105],"iteration":246,"passed_time":0.5172480594,"remaining_time":1.576873639},
{"learn":[0.08733296752],"iteration":247,"passed_time":0.5187100022,"remaining_time":1.572862587},
{"learn":[0.08636452546],"iteration":248,"passed_time":0.5200285456,"remaining_time":1.568439509},
{"learn":[0.08586432766],"iteration":249,"passed_time":0.5213517428,"remaining_time":1.564055229},
{"learn":[0.08501738841],"iteration":250,"passed_time":0.5226746362,"remaining_time":1.559694432},
{"learn":[0.08478077524],"iteration":251,"passed_time":0.5239978001,"remaining_time":1.555358549},
{"learn":[0.08420924654],"iteration":252,"passed_time":0.5252981355,"remaining_time":1.55097908},
{"learn":[0.08375370154],"iteration":253,"passed_time":0.5266295252,"remaining_time":1.546715062},
{"learn":[0.08372076802],"iteration":254,"passed_time":0.5280184968,"remaining_time":1.542642275},
{"learn":[0.08335924861],"iteration":255,"passed_time":0.5294252537,"remaining_time":1.538642143},
{"learn":[0.08303122088],"iteration":256,"passed_time":0.5307365238,"remaining_time":1.534386137},
{"learn":[0.08301157329],"iteration":257,"passed_time":0.5322733113,"remaining_time":1.530801539},
{"learn":[0.08276147087],"iteration":258,"passed_time":0.5336594874,"remaining_time":1.526801854},
{"learn":[0.08200809457],"iteration":259,"passed_time":0.5350176976,"remaining_time":1.522742678},
{"learn":[0.08160749019],"iteration":260,"passed_time":0.5363517534,"remaining_time":1.518635808},
{"learn":[0.08158690812],"iteration":261,"passed_time":0.5376674512,"remaining_time":1.514498393},
{"learn":[0.08083790739],"iteration":262,"passed_time":0.5389771904,"remaining_time":1.510365739},
{"learn":[0.08037335531],"iteration":263,"passed_time":0.5403282051,"remaining_time":1.506369542},
{"learn":[0.08035959957],"iteration":264,"passed_time":0.5416214923,"remaining_time":1.502233196},
{"learn":[0.07988926396],"iteration":265,"passed_time":0.543185481,"remaining_time":1.498865199},
{"learn":[0.07931898011],"iteration":266,"passed_time":0.544580763,"remaining_time":1.495047563},
{"learn":[0.07925061564],"iteration":267,"passed_time":0.5459215398,"remaining_time":1.491099131},
{"learn":[0.07879164509],"iteration":268,"passed_time":0.5471715815,"remaining_time":1.486923517},
{"learn":[0.07861883615],"iteration":269,"passed_time":0.5483978012,"remaining_time":1.482705166},
{"learn":[0.07849905905],"iteration":270,"passed_time":0.5496229233,"remaining_time":1.478505945},
{"learn":[0.07805793234],"iteration":271,"passed_time":0.5508136777,"remaining_time":1.474236608},
{"learn":[0.07803690314],"iteration":272,"passed_time":0.552024296,"remaining_time":1.470042722},
{"learn":[0.07784230664],"iteration":273,"passed_time":0.5534337473,"remaining_time":1.466397447},
{"learn":[0.07741592146],"iteration":274,"passed_time":0.5549083518,"remaining_time":1.4629402},
{"learn":[0.07696451603],"iteration":275,"passed_time":0.556259102,"remaining_time":1.459172427},
{"learn":[0.07693173184],"iteration":276,"passed_time":0.5576825216,"remaining_time":1.45561178},
{"learn":[0.07659414664],"iteration":277,"passed_time":0.5589531991,"remaining_time":1.451669819},
{"learn":[0.0764627736],"iteration":278,"passed_time":0.5604486483,"remaining_time":1.448327869},
{"learn":[0.07610473609],"iteration":279,"passed_time":0.5619537148,"remaining_time":1.445023838},
{"learn":[0.07576548073],"iteration":280,"passed_time":0.5633007758,"remaining_time":1.44132832},
{"learn":[0.07530139619],"iteration":281,"passed_time":0.5646967702,"remaining_time":1.437774046},
{"learn":[0.07466794773],"iteration":282,"passed_time":0.5665279075,"remaining_time":1.43533749},
{"learn":[0.07445930443],"iteration":283,"passed_time":0.5676970908,"remaining_time":1.431236328},
{"learn":[0.07372249566],"iteration":284,"passed_time":0.5691573376,"remaining_time":1.427885952},
{"learn":[0.07345201237],"iteration":285,"passed_time":0.5705027477,"remaining_time":1.424262104},
{"learn":[0.0730164191],"iteration":286,"passed_time":0.5718101442,"remaining_time":1.420559696},
{"learn":[0.07257656624],"iteration":287,"passed_time":0.5731028901,"remaining_time":1.4168377},
{"learn":[0.0722570748],"iteration":288,"passed_time":0.5742978265,"remaining_time":1.412891884},
{"learn":[0.07169630013],"iteration":289,"passed_time":0.5755571798,"remaining_time":1.40912275},
{"learn":[0.07167479856],"iteration":290,"passed_time":0.5768956872,"remaining_time":1.405563719},
{"learn":[0.07133025689],"iteration":291,"passed_time":0.5781320452,"remaining_time":1.401772219},
{"learn":[0.07107320712],"iteration":292,"passed_time":0.5794492906,"remaining_time":1.398193339},
{"learn":[0.07104720588],"iteration":293,"passed_time":0.5808213995,"remaining_time":1.394761592},
{"learn":[0.07049342961],"iteration":294,"passed_time":0.5822702787,"remaining_time":1.391527276},
{"learn":[0.06988408965],"iteration":295,"passed_time":0.5839440725,"remaining_time":1.388839956},
{"learn":[0.0697183302],"iteration":296,"passed_time":0.5853483754,"remaining_time":1.385521575},
{"learn":[0.06966733902],"iteration":297,"passed_time":0.5867499388,"remaining_time":1.382209587},
{"learn":[0.06930747487],"iteration":298,"passed_time":0.5881288894,"remaining_time":1.378857363},
{"learn":[0.06900942154],"iteration":299,"passed_time":0.5897514431,"remaining_time":1.376086701},
{"learn":[0.06899882134],"iteration":300,"passed_time":0.5913221906,"remaining_time":1.37320336},
{"learn":[0.06874843099],"iteration":301,"passed_time":0.5927550028,"remaining_time":1.370009907},
{"learn":[0.06871750912],"iteration":302,"passed_time":0.5940343278,"remaining_time":1.366475005},
{"learn":[0.06835699464],"iteration":303,"passed_time":0.5953506502,"remaining_time":1.363039647},
{"learn":[0.0679138174],"iteration":304,"passed_time":0.5966799772,"remaining_time":1.359647817},
{"learn":[0.06746596306],"iteration":305,"passed_time":0.5980213981,"remaining_time":1.356296896},
{"learn":[0.06745179813],"iteration":306,"passed_time":0.599267809,"remaining_time":1.352744598},
{"learn":[0.06707618969],"iteration":307,"passed_time":0.600580091,"remaining_time":1.349355269},
{"learn":[0.06691158339],"iteration":308,"passed_time":0.6018717227,"remaining_time":1.345933205},
{"learn":[0.06626003607],"iteration":309,"passed_time":0.6032031385,"remaining_time":1.342613437},
{"learn":[0.06584660923],"iteration":310,"passed_time":0.6045334641,"remaining_time":1.339304041},
{"learn":[0.06565746359],"iteration":311,"passed_time":0.6058507489,"remaining_time":1.335978574},
{"learn":[0.06539307042],"iteration":312,"passed_time":0.6072658448,"remaining_time":1.332880624},
{"learn":[0.06510121685],"iteration":313,"passed_time":0.6086186711,"remaining_time":1.329657351},
{"learn":[0.0648040102],"iteration":314,"passed_time":0.6099366994,"remaining_time":1.326370283},
{"learn":[0.06478869557],"iteration":315,"passed_time":0.6112168552,"remaining_time":1.323013699},
{"learn":[0.06474311749],"iteration":316,"passed_time":0.6126201273,"remaining_time":1.319935479},
{"learn":[0.06472823054],"iteration":317,"passed_time":0.6139238824,"remaining_time":1.316654364},
{"learn":[0.06468279664],"iteration":318,"passed_time":0.6152165811,"remaining_time":1.313362043},
{"learn":[0.06441349785],"iteration":319,"passed_time":0.6165060829,"remaining_time":1.310075426},
{"learn":[0.0643454906],"iteration":320,"passed_time":0.6177819105,"remaining_time":1.306772328},
{"learn":[0.064151419],"iteration":321,"passed_time":0.619104621,"remaining_time":1.303580537},
{"learn":[0.06398138271],"iteration":322,"passed_time":0.6205459434,"remaining_time":1.300648928},
{"learn":[0.06368854705],"iteration":323,"passed_time":0.6218930384,"remaining_time":1.29752992},
{"learn":[0.06357485714],"iteration":324,"passed_time":0.6233756719,"remaining_time":1.294703319},
{"learn":[0.06326590795],"iteration":325,"passed_time":0.6247413739,"remaining_time":1.291643209},
{"learn":[0.06269087593],"iteration":326,"passed_time":0.6261694378,"remaining_time":1.288721809},
{"learn":[0.06252056344],"iteration":327,"passed_time":0.6275859629,"remaining_time":1.285785875},
{"learn":[0.0621395966],"iteration":328,"passed_time":0.6289292442,"remaining_time":1.282709796},
{"learn":[0.06192847922],"iteration":329,"passed_time":0.6303223129,"remaining_time":1.279745302},
{"learn":[0.06173433858],"iteration":330,"passed_time":0.631721103,"remaining_time":1.276801867},
{"learn":[0.06170154799],"iteration":331,"passed_time":0.6330171896,"remaining_time":1.273661092},
{"learn":[0.06136832381],"iteration":332,"passed_time":0.6343589839,"remaining_time":1.27062295},
{"learn":[0.06115432715],"iteration":333,"passed_time":0.6356920879,"remaining_time":1.267577636},
{"learn":[0.06091930203],"iteration":334,"passed_time":0.636993079,"remaining_time":1.264478799},
{"learn":[0.0604514153],"iteration":335,"passed_time":0.6383228616,"remaining_time":1.26144756},
{"learn":[0.06041660709],"iteration":336,"passed_time":0.639665101,"remaining_time":1.258450926},
{"learn":[0.0602267267],"iteration":337,"passed_time":0.6409872825,"remaining_time":1.255424796},
{"learn":[0.06019570031],"iteration":338,"passed_time":0.6423471614,"remaining_time":1.252482223},
{"learn":[0.05997887155],"iteration":339,"passed_time":0.6436691395,"remaining_time":1.249475388},
{"learn":[0.05994797873],"iteration":340,"passed_time":0.6449181443,"remaining_time":1.246337411},
{"learn":[0.05958077669],"iteration":341,"passed_time":0.6462522846,"remaining_time":1.243374279},
{"learn":[0.05899532935],"iteration":342,"passed_time":0.6475747323,"remaining_time":1.240398248},
{"learn":[0.05862549677],"iteration":343,"passed_time":0.6489545174,"remaining_time":1.237541173},
{"learn":[0.05824166006],"iteration":344,"passed_time":0.6502753497,"remaining_time":1.234580736},
{"learn":[0.05821139772],"iteration":345,"passed_time":0.6515584462,"remaining_time":1.23155845},
{"learn":[0.05800239178],"iteration":346,"passed_time":0.6528149077,"remaining_time":1.228496066},
{"learn":[0.05750778069],"iteration":347,"passed_time":0.6541328193,"remaining_time":1.22555919},
{"learn":[0.05749511446],"iteration":348,"passed_time":0.6555953633,"remaining_time":1.22290138},
{"learn":[0.05694783528],"iteration":349,"passed_time":0.6569499783,"remaining_time":1.22004996},
{"learn":[0.05687565626],"iteration":350,"passed_time":0.6582868164,"remaining_time":1.217174199},
{"learn":[0.05600887148],"iteration":351,"passed_time":0.6596326149,"remaining_time":1.214323678},
{"learn":[0.05599659906],"iteration":352,"passed_time":0.6609417585,"remaining_time":1.211414498},
{"learn":[0.05537818155],"iteration":353,"passed_time":0.6623131967,"remaining_time":1.208628037},
{"learn":[0.05510748679],"iteration":354,"passed_time":0.6637994805,"remaining_time":1.206058211},
{"learn":[0.05483385798],"iteration":355,"passed_time":0.6652563716,"remaining_time":1.203441301},
{"learn":[0.05467160833],"iteration":356,"passed_time":0.6665856241,"remaining_time":1.200600998},
{"learn":[0.05444796288],"iteration":357,"passed_time":0.6679781927,"remaining_time":1.197882681},
{"learn":[0.05439370436],"iteration":358,"passed_time":0.6693113728,"remaining_time":1.19506571},
{"learn":[0.05437669848],"iteration":359,"passed_time":0.6706020927,"remaining_time":1.192181498},
{"learn":[0.05415422439],"iteration":360,"passed_time":0.6719793695,"remaining_time":1.189459327},
{"learn":[0.05414180142],"iteration":361,"passed_time":0.6734012169,"remaining_time":1.186823139},
{"learn":[0.05391303683],"iteration":362,"passed_time":0.6747622234,"remaining_time":1.184086877},
{"learn":[0.05388467863],"iteration":363,"passed_time":0.6762242928,"remaining_time":1.181534753},
{"learn":[0.05385392896],"iteration":364,"passed_time":0.6775795574,"remaining_time":1.178802792},
{"learn":[0.05364784938],"iteration":365,"passed_time":0.6789216745,"remaining_time":1.176055578},
{"learn":[0.05348968483],"iteration":366,"passed_time":0.6802583693,"remaining_time":1.17330667},
{"learn":[0.05346524293],"iteration":367,"passed_time":0.6815382545,"remaining_time":1.170467872},
{"learn":[0.05327487982],"iteration":368,"passed_time":0.6829229818,"remaining_time":1.167816806},
{"learn":[0.05322351606],"iteration":369,"passed_time":0.6842519871,"remaining_time":1.165077708},
{"learn":[0.05286752634],"iteration":370,"passed_time":0.6856943187,"remaining_time":1.162538346},
{"learn":[0.05246842048],"iteration":371,"passed_time":0.6873399488,"remaining_time":1.160348086},
{"learn":[0.05226415274],"iteration":372,"passed_time":0.6886540951,"remaining_time":1.157603533},
{"learn":[0.05201563449],"iteration":373,"passed_time":0.6900279328,"remaining_time":1.15496654},
{"learn":[0.05199207834],"iteration":374,"passed_time":0.6912845677,"remaining_time":1.152140946},
{"learn":[0.05187777464],"iteration":375,"passed_time":0.6926409525,"remaining_time":1.14948924},
{"learn":[0.05173213227],"iteration":376,"passed_time":0.6939631962,"remaining_time":1.146787987},
{"learn":[0.05170505734],"iteration":377,"passed_time":0.6952994292,"remaining_time":1.14411705},
{"learn":[0.05155071794],"iteration":378,"passed_time":0.6965887393,"remaining_time":1.141376272},
{"learn":[0.05139285119],"iteration":379,"passed_time":0.6978814997,"remaining_time":1.138648763},
{"learn":[0.05115725359],"iteration":380,"passed_time":0.6991672295,"remaining_time":1.135917362},
{"learn":[0.05084127174],"iteration":381,"passed_time":0.7005939414,"remaining_time":1.133421612},
{"learn":[0.0505274342],"iteration":382,"passed_time":0.7020024954,"remaining_time":1.130902192},
{"learn":[0.05037581861],"iteration":383,"passed_time":0.7034138721,"remaining_time":1.128393087},
{"learn":[0.05002956521],"iteration":384,"passed_time":0.7047697029,"remaining_time":1.125800954},
{"learn":[0.04999658302],"iteration":385,"passed_time":0.7060689814,"remaining_time":1.123125271},
{"learn":[0.04973257517],"iteration":386,"passed_time":0.7074084413,"remaining_time":1.120520348},
{"learn":[0.04952032905],"iteration":387,"passed_time":0.7087893217,"remaining_time":1.117987281},
{"learn":[0.04934879036],"iteration":388,"passed_time":0.7101028595,"remaining_time":1.115354363},
{"learn":[0.0490518581],"iteration":389,"passed_time":0.7114926564,"remaining_time":1.112847488},
{"learn":[0.04845921345],"iteration":390,"passed_time":0.7128297035,"remaining_time":1.110264167},
{"learn":[0.04808352461],"iteration":391,"passed_time":0.7141821641,"remaining_time":1.107711112},
{"learn":[0.04806813455],"iteration":392,"passed_time":0.7155362395,"remaining_time":1.10516666},
{"learn":[0.04802240629],"iteration":393,"passed_time":0.7167884978,"remaining_time":1.102471649},
{"learn":[0.04784406036],"iteration":394,"passed_time":0.7180228854,"remaining_time":1.099756571},
{"learn":[0.04781374912],"iteration":395,"passed_time":0.7193187014,"remaining_time":1.097142666},
{"learn":[0.04780553661],"iteration":396,"passed_time":0.720555863,"remaining_time":1.094446311},
{"learn":[0.047687106],"iteration":397,"passed_time":0.7218870649,"remaining_time":1.09189953},
{"learn":[0.04763468096],"iteration":398,"passed_time":0.7231968497,"remaining_time":1.089326583},
{"learn":[0.04748420794],"iteration":399,"passed_time":0.7244239278,"remaining_time":1.086635892},
{"learn":[0.04725478552],"iteration":400,"passed_time":0.7256648986,"remaining_time":1.083973253},
{"learn":[0.04707835553],"iteration":401,"passed_time":0.7269842194,"remaining_time":1.081434237},
{"learn":[0.04682404243],"iteration":402,"passed_time":0.7282501136,"remaining_time":1.078822129},
{"learn":[0.04680229157],"iteration":403,"passed_time":0.7294569322,"remaining_time":1.076129534},
{"learn":[0.04655531284],"iteration":404,"passed_time":0.7306981164,"remaining_time":1.073494764},
{"learn":[0.04652361327],"iteration":405,"passed_time":0.7319147738,"remaining_time":1.070830974},
{"learn":[0.04641411993],"iteration":406,"passed_time":0.7331044218,"remaining_time":1.068134944},
{"learn":[0.04635381893],"iteration":407,"passed_time":0.7342978679,"remaining_time":1.065451808},
{"learn":[0.04617793102],"iteration":408,"passed_time":0.7356983522,"remaining_time":1.063075125},
{"learn":[0.04599332501],"iteration":409,"passed_time":0.7371138082,"remaining_time":1.060724748},
{"learn":[0.04588166129],"iteration":410,"passed_time":0.7385443488,"remaining_time":1.058400539},
{"learn":[0.04573238574],"iteration":411,"passed_time":0.7398068261,"remaining_time":1.05584081},
{"learn":[0.04571270738],"iteration":412,"passed_time":0.7411335147,"remaining_time":1.053378627},
{"learn":[0.04560655576],"iteration":413,"passed_time":0.7424358217,"remaining_time":1.050887419},
{"learn":[0.04537210301],"iteration":414,"passed_time":0.7437323623,"remaining_time":1.048393812},
{"learn":[0.0451797991],"iteration":415,"passed_time":0.7450482652,"remaining_time":1.045933141},
{"learn":[0.04517322169],"iteration":416,"passed_time":0.7463533805,"remaining_time":1.04346288},
{"learn":[0.0450269239],"iteration":417,"passed_time":0.7477145164,"remaining_time":1.041076193},
{"learn":[0.04492445407],"iteration":418,"passed_time":0.7491377253,"remaining_time":1.038780474},
{"learn":[0.04457159645],"iteration":419,"passed_time":0.7505214119,"remaining_time":1.036434331},
{"learn":[0.04447153405],"iteration":420,"passed_time":0.7520393946,"remaining_time":1.034277457},
{"learn":[0.04427506188],"iteration":421,"passed_time":0.7534664383,"remaining_time":1.031999055},
{"learn":[0.04409408573],"iteration":422,"passed_time":0.7549191823,"remaining_time":1.029759736},
{"learn":[0.04395963963],"iteration":423,"passed_time":0.7563157557,"remaining_time":1.027447819},
{"learn":[0.04376441386],"iteration":424,"passed_time":0.7577474721,"remaining_time":1.025187756},
{"learn":[0.04375115672],"iteration":425,"passed_time":0.7592830794,"remaining_time":1.023071567},
{"learn":[0.04362091992],"iteration":426,"passed_time":0.7606624361,"remaining_time":1.020748421},
{"learn":[0.04352662766],"iteration":427,"passed_time":0.761988758,"remaining_time":1.018358807},
{"learn":[0.04339702657],"iteration":428,"passed_time":0.7632895379,"remaining_time":1.015940154},
{"learn":[0.04312975406],"iteration":429,"passed_time":0.7645749488,"remaining_time":1.013506327},
{"learn":[0.04297428184],"iteration":430,"passed_time":0.7658612993,"remaining_time":1.01107907},
{"learn":[0.04287150474],"iteration":431,"passed_time":0.7673329315,"remaining_time":1.008900706},
{"learn":[0.04284376769],"iteration":432,"passed_time":0.7686168226,"remaining_time":1.006479765},
{"learn":[0.04275810266],"iteration":433,"passed_time":0.7699130926,"remaining_time":1.004080208},
{"learn":[0.04273743307],"iteration":434,"passed_time":0.7712252529,"remaining_time":1.001706363},
{"learn":[0.0426575305],"iteration":435,"passed_time":0.772667609,"remaining_time":0.9995058061},
{"learn":[0.04263796051],"iteration":436,"passed_time":0.7739635245,"remaining_time":0.9971200556},
{"learn":[0.04253867238],"iteration":437,"passed_time":0.7752624034,"remaining_time":0.9947430838},
{"learn":[0.04230931968],"iteration":438,"passed_time":0.7771001878,"remaining_time":0.9930596933},
{"learn":[0.04229875789],"iteration":439,"passed_time":0.7803427936,"remaining_time":0.9931635555},
{"learn":[0.04227626392],"iteration":440,"passed_time":0.7816899296,"remaining_time":0.9908495933},
{"learn":[0.04194642492],"iteration":441,"passed_time":0.7831723115,"remaining_time":0.9887107461},
{"learn":[0.04173739574],"iteration":442,"passed_time":0.7844743967,"remaining_time":0.9863481692},
{"learn":[0.04171528537],"iteration":443,"passed_time":0.7858048056,"remaining_time":0.9840258376},
{"learn":[0.04164725391],"iteration":444,"passed_time":0.7871533603,"remaining_time":0.9817305954},
{"learn":[0.04142684996],"iteration":445,"passed_time":0.7886604461,"remaining_time":0.9796365182},
{"learn":[0.04135923521],"iteration":446,"passed_time":0.7900883839,"remaining_time":0.9774471505},
{"learn":[0.0412620432],"iteration":447,"passed_time":0.7913792604,"remaining_time":0.975092303},
{"learn":[0.04120780769],"iteration":448,"passed_time":0.7927070954,"remaining_time":0.9727875492},
{"learn":[0.04118886366],"iteration":449,"passed_time":0.7939893139,"remaining_time":0.9704313837},
{"learn":[0.04083031659],"iteration":450,"passed_time":0.7953020632,"remaining_time":0.9681171457},
{"learn":[0.04070328083],"iteration":451,"passed_time":0.7966866845,"remaining_time":0.9658944759},
{"learn":[0.04042458917],"iteration":452,"passed_time":0.7979867993,"remaining_time":0.963573464},
{"learn":[0.0402490143],"iteration":453,"passed_time":0.7993461609,"remaining_time":0.9613282023},
{"learn":[0.0402315134],"iteration":454,"passed_time":0.8006739525,"remaining_time":0.9590490201},
{"learn":[0.04009279393],"iteration":455,"passed_time":0.8019650958,"remaining_time":0.9567302898},
{"learn":[0.04000759361],"iteration":456,"passed_time":0.8033233461,"remaining_time":0.9544957919},
{"learn":[0.03991695458],"iteration":457,"passed_time":0.8046484777,"remaining_time":0.9522259277},
{"learn":[0.0396970442],"iteration":458,"passed_time":0.8060083016,"remaining_time":0.9500010701},
{"learn":[0.03953244106],"iteration":459,"passed_time":0.8073001606,"remaining_time":0.9477001886},
{"learn":[0.03950564125],"iteration":460,"passed_time":0.8086587054,"remaining_time":0.9454816534},
{"learn":[0.03940499031],"iteration":461,"passed_time":0.8099878912,"remaining_time":0.9432326526},
{"learn":[0.03929975291],"iteration":462,"passed_time":0.8113012385,"remaining_time":0.940969255},
{"learn":[0.03909496622],"iteration":463,"passed_time":0.8126177731,"remaining_time":0.9387136345},
{"learn":[0.03883909056],"iteration":464,"passed_time":0.8139784217,"remaining_time":0.9365128077},
{"learn":[0.0388236367],"iteration":465,"passed_time":0.8152543776,"remaining_time":0.9342185357},
{"learn":[0.03873824404],"iteration":466,"passed_time":0.8166325596,"remaining_time":0.9320452983},
{"learn":[0.0386404501],"iteration":467,"passed_time":0.8179112068,"remaining_time":0.929762312},
{"learn":[0.03858504547],"iteration":468,"passed_time":0.819227842,"remaining_time":0.9275266185},
{"learn":[0.038495259],"iteration":469,"passed_time":0.820556037,"remaining_time":0.9253078716},
{"learn":[0.03848968844],"iteration":470,"passed_time":0.8218564119,"remaining_time":0.9230616601},
{"learn":[0.03836893453],"iteration":471,"passed_time":0.8231351046,"remaining_time":0.9207952017},
{"learn":[0.03835264978],"iteration":472,"passed_time":0.8244501244,"remaining_time":0.9185733945},
{"learn":[0.03822595044],"iteration":473,"passed_time":0.8258495063,"remaining_time":0.9164490302},
{"learn":[0.03802038353],"iteration":474,"passed_time":0.8272110445,"remaining_time":0.9142858913},
{"learn":[0.03793688089],"iteration":475,"passed_time":0.8284944066,"remaining_time":0.912040061},
{"learn":[0.03781709703],"iteration":476,"passed_time":0.8298017436,"remaining_time":0.9098245532},
{"learn":[0.03775435282],"iteration":477,"passed_time":0.8312229498,"remaining_time":0.9077371962},
{"learn":[0.03768821333],"iteration":478,"passed_time":0.8325983978,"remaining_time":0.9056028503},
{"learn":[0.0375500357],"iteration":479,"passed_time":0.833912258,"remaining_time":0.9034049461},
{"learn":[0.0374208156],"iteration":480,"passed_time":0.8352580182,"remaining_time":0.9012451381},
{"learn":[0.03733995493],"iteration":481,"passed_time":0.8365232733,"remaining_time":0.89900219},
{"learn":[0.03724655836],"iteration":482,"passed_time":0.8378360493,"remaining_time":0.8968141563},
{"learn":[0.03719349828],"iteration":483,"passed_time":0.8391540043,"remaining_time":0.8946352608},
{"learn":[0.03706238106],"iteration":484,"passed_time":0.8404801767,"remaining_time":0.8924686412},
{"learn":[0.03695763471],"iteration":485,"passed_time":0.8418085735,"remaining_time":0.8903078329},
{"learn":[0.03690368554],"iteration":486,"passed_time":0.8431178865,"remaining_time":0.8881303404},
{"learn":[0.03673534664],"iteration":487,"passed_time":0.8447365504,"remaining_time":0.8862809709},
{"learn":[0.03672023272],"iteration":488,"passed_time":0.8460623316,"remaining_time":0.8841264856},
{"learn":[0.03666862189],"iteration":489,"passed_time":0.8476383286,"remaining_time":0.8822358114},
{"learn":[0.0366541878],"iteration":490,"passed_time":0.8490134466,"remaining_time":0.8801381758},
{"learn":[0.03663873416],"iteration":491,"passed_time":0.850338277,"remaining_time":0.8779915543},
{"learn":[0.03659071477],"iteration":492,"passed_time":0.8516469538,"remaining_time":0.8758316543},
{"learn":[0.03650036722],"iteration":493,"passed_time":0.8529230581,"remaining_time":0.8736418368},
{"learn":[0.03646475324],"iteration":494,"passed_time":0.8542665516,"remaining_time":0.8715244618},
{"learn":[0.03637977457],"iteration":495,"passed_time":0.855616345,"remaining_time":0.8694166086},
{"learn":[0.03629696106],"iteration":496,"passed_time":0.8569101961,"remaining_time":0.8672551884},
{"learn":[0.03626208315],"iteration":497,"passed_time":0.8582062588,"remaining_time":0.8650994818},
{"learn":[0.03625491772],"iteration":498,"passed_time":0.8594820459,"remaining_time":0.8629268637},
{"learn":[0.03598618628],"iteration":499,"passed_time":0.8608208784,"remaining_time":0.8608208784},
{"learn":[0.03589093256],"iteration":500,"passed_time":0.8621574592,"remaining_time":0.8587157129},
{"learn":[0.03582364459],"iteration":501,"passed_time":0.8637322088,"remaining_time":0.8568498804},
{"learn":[0.03571935411],"iteration":502,"passed_time":0.8651781773,"remaining_time":0.8548579605},
{"learn":[0.03565515612],"iteration":503,"passed_time":0.8665192964,"remaining_time":0.8527650219},
{"learn":[0.03560664623],"iteration":504,"passed_time":0.8678711074,"remaining_time":0.8506855409},
{"learn":[0.03546299932],"iteration":505,"passed_time":0.8691795535,"remaining_time":0.8485665997},
{"learn":[0.03544787904],"iteration":506,"passed_time":0.8704364702,"remaining_time":0.8464007491},
{"learn":[0.03535806846],"iteration":507,"passed_time":0.8718296095,"remaining_time":0.8443704092},
{"learn":[0.03525837324],"iteration":508,"passed_time":0.8731341636,"remaining_time":0.8422571205},
{"learn":[0.03514602658],"iteration":509,"passed_time":0.8744529387,"remaining_time":0.8401606666},
{"learn":[0.03514022885],"iteration":510,"passed_time":0.8757887605,"remaining_time":0.8380835693},
{"learn":[0.03501765179],"iteration":511,"passed_time":0.8771238505,"remaining_time":0.83600867},
{"learn":[0.03488273735],"iteration":512,"passed_time":0.8784458959,"remaining_time":0.8339242715},
{"learn":[0.03482079876],"iteration":513,"passed_time":0.8798259522,"remaining_time":0.8318976902},
{"learn":[0.03470900212],"iteration":514,"passed_time":0.881184892,"remaining_time":0.8298537333},
{"learn":[0.03466939542],"iteration":515,"passed_time":0.8824896273,"remaining_time":0.8277615884},
{"learn":[0.03464062507],"iteration":516,"passed_time":0.8837553615,"remaining_time":0.8256360534},
{"learn":[0.0345931943],"iteration":517,"passed_time":0.8850291908,"remaining_time":0.8235213706},
{"learn":[0.03446730336],"iteration":518,"passed_time":0.8864954635,"remaining_time":0.8215882812},
{"learn":[0.03444603019],"iteration":519,"passed_time":0.8878730525,"remaining_time":0.8195751254},
{"learn":[0.0342597029],"iteration":520,"passed_time":0.8892399242,"remaining_time":0.817554556},
{"learn":[0.03422796192],"iteration":521,"passed_time":0.8905633226,"remaining_time":0.8154966824},
{"learn":[0.03418565303],"iteration":522,"passed_time":0.8918938821,"remaining_time":0.8134481487},
{"learn":[0.03410593317],"iteration":523,"passed_time":0.8932588617,"remaining_time":0.8114336224},
{"learn":[0.03410075574],"iteration":524,"passed_time":0.8945405456,"remaining_time":0.8093462079},
{"learn":[0.0340222642],"iteration":525,"passed_time":0.8958990948,"remaining_time":0.8073311234},
{"learn":[0.03384342843],"iteration":526,"passed_time":0.8972150043,"remaining_time":0.80528026},
{"learn":[0.03383103888],"iteration":527,"passed_time":0.8985457961,"remaining_time":0.8032454844},
{"learn":[0.03380063096],"iteration":528,"passed_time":0.8998492705,"remaining_time":0.801189048},
{"learn":[0.03358102502],"iteration":529,"passed_time":0.9012067089,"remaining_time":0.7991833079},
{"learn":[0.03345135188],"iteration":530,"passed_time":0.9025780877,"remaining_time":0.7971923223},
{"learn":[0.03340462628],"iteration":531,"passed_time":0.9039704835,"remaining_time":0.7952221546},
{"learn":[0.0333931885],"iteration":532,"passed_time":0.9054151267,"remaining_time":0.7932999328},
{"learn":[0.03338750575],"iteration":533,"passed_time":0.9068140462,"remaining_time":0.7913395984},
{"learn":[0.03327887818],"iteration":534,"passed_time":0.9081813541,"remaining_time":0.7893538872},
{"learn":[0.03323377487],"iteration":535,"passed_time":0.9094938172,"remaining_time":0.787323006},
{"learn":[0.0332175441],"iteration":536,"passed_time":0.9108377131,"remaining_time":0.7853219016},
{"learn":[0.0331635813],"iteration":537,"passed_time":0.9122395716,"remaining_time":0.783373015},
{"learn":[0.03303077594],"iteration":538,"passed_time":0.9135672999,"remaining_time":0.7813627556},
{"learn":[0.03287610431],"iteration":539,"passed_time":0.9149201244,"remaining_time":0.7793764023},
{"learn":[0.03255582448],"iteration":540,"passed_time":0.9162776606,"remaining_time":0.7773963886},
{"learn":[0.03250478047],"iteration":541,"passed_time":0.917669738,"remaining_time":0.7754478598},
{"learn":[0.03236210816],"iteration":542,"passed_time":0.9190333211,"remaining_time":0.7734773992},
{"learn":[0.03223927563],"iteration":543,"passed_time":0.9204284381,"remaining_time":0.7715356025},
{"learn":[0.03220688378],"iteration":544,"passed_time":0.9217086345,"remaining_time":0.7694998692},
{"learn":[0.03216342294],"iteration":545,"passed_time":0.9231153552,"remaining_time":0.7675721085},
{"learn":[0.03209183258],"iteration":546,"passed_time":0.9245488626,"remaining_time":0.7656684365},
{"learn":[0.03208510643],"iteration":547,"passed_time":0.9258448975,"remaining_time":0.7636530907},
{"learn":[0.03200446775],"iteration":548,"passed_time":0.9272368482,"remaining_time":0.7617191595},
{"learn":[0.0319487405],"iteration":549,"passed_time":0.9286234649,"remaining_time":0.7597828349},
{"learn":[0.03184574985],"iteration":550,"passed_time":0.9299138092,"remaining_time":0.757770055},
{"learn":[0.03183942014],"iteration":551,"passed_time":0.9312297603,"remaining_time":0.7557806751},
{"learn":[0.03175607804],"iteration":552,"passed_time":0.9325590851,"remaining_time":0.7538045408},
{"learn":[0.03169122972],"iteration":553,"passed_time":0.9339134556,"remaining_time":0.7518509047},
{"learn":[0.03168003915],"iteration":554,"passed_time":0.9352990493,"remaining_time":0.7499244629},
{"learn":[0.03161636129],"iteration":555,"passed_time":0.9366074987,"remaining_time":0.7479383623},
{"learn":[0.03157023622],"iteration":556,"passed_time":0.9379560051,"remaining_time":0.7459865534},
{"learn":[0.03155569759],"iteration":557,"passed_time":0.9394097821,"remaining_time":0.7441202933},
{"learn":[0.03145797418],"iteration":558,"passed_time":0.9408198441,"remaining_time":0.7422210219},
{"learn":[0.03140281467],"iteration":559,"passed_time":0.9422380641,"remaining_time":0.7403299075},
{"learn":[0.03137311722],"iteration":560,"passed_time":0.9435656668,"remaining_time":0.7383695682},
{"learn":[0.03128111712],"iteration":561,"passed_time":0.9450280302,"remaining_time":0.7365165075},
{"learn":[0.03114660977],"iteration":562,"passed_time":0.9463852291,"remaining_time":0.7345832062},
{"learn":[0.03087695657],"iteration":563,"passed_time":0.9477340944,"remaining_time":0.7326455056},
{"learn":[0.03074409719],"iteration":564,"passed_time":0.9491113518,"remaining_time":0.7307317487},
{"learn":[0.03071277563],"iteration":565,"passed_time":0.9504030285,"remaining_time":0.7287542657},
{"learn":[0.03065677512],"iteration":566,"passed_time":0.9518643117,"remaining_time":0.7269087248},
{"learn":[0.03046931459],"iteration":567,"passed_time":0.9532391774,"remaining_time":0.7249988109},
{"learn":[0.03038248894],"iteration":568,"passed_time":0.9547705965,"remaining_time":0.7232093622},
{"learn":[0.03030726246],"iteration":569,"passed_time":0.9561228803,"remaining_time":0.7212856817},
{"learn":[0.03030219346],"iteration":570,"passed_time":0.9574393555,"remaining_time":0.719337099},
{"learn":[0.0302330277],"iteration":571,"passed_time":0.9589108777,"remaining_time":0.7175067406},
{"learn":[0.02986655571],"iteration":572,"passed_time":0.9603313837,"remaining_time":0.7156396175},
{"learn":[0.02986161757],"iteration":573,"passed_time":0.96172119,"remaining_time":0.7137512665},
{"learn":[0.02971458887],"iteration":574,"passed_time":0.9630218183,"remaining_time":0.7117987353},
{"learn":[0.02948768484],"iteration":575,"passed_time":0.9643828141,"remaining_time":0.7098929049},
{"learn":[0.02939070538],"iteration":576,"passed_time":0.9656859713,"remaining_time":0.7079465613},
{"learn":[0.02931466368],"iteration":577,"passed_time":0.9670119181,"remaining_time":0.7060190821},
{"learn":[0.02923355584],"iteration":578,"passed_time":0.9683327254,"remaining_time":0.7040899437},
{"learn":[0.02911255976],"iteration":579,"passed_time":0.9697485759,"remaining_time":0.7022317274},
{"learn":[0.02895435933],"iteration":580,"passed_time":0.9710735903,"remaining_time":0.7003095255},
{"learn":[0.02893979463],"iteration":581,"passed_time":0.9724648514,"remaining_time":0.6984369551},
{"learn":[0.0289343382],"iteration":582,"passed_time":0.9738107149,"remaining_time":0.6965335645},
{"learn":[0.02883454203],"iteration":583,"passed_time":0.9752718424,"remaining_time":0.6947141891},
{"learn":[0.02870814693],"iteration":584,"passed_time":0.9767956976,"remaining_time":0.6929405376},
{"learn":[0.02870745326],"iteration":585,"passed_time":0.9781225029,"remaining_time":0.6910285259},
{"learn":[0.02863359523],"iteration":586,"passed_time":0.9796067435,"remaining_time":0.6892292761},
{"learn":[0.02860433076],"iteration":587,"passed_time":0.9811166794,"remaining_time":0.6874491019},
{"learn":[0.02851629409],"iteration":588,"passed_time":0.9826624301,"remaining_time":0.6856948366},
{"learn":[0.02851153745],"iteration":589,"passed_time":0.9843468607,"remaining_time":0.6840376489},
{"learn":[0.02849839345],"iteration":590,"passed_time":0.9856978676,"remaining_time":0.6821496241},
{"learn":[0.02840421523],"iteration":591,"passed_time":0.9869935202,"remaining_time":0.680225264},
{"learn":[0.02839527849],"iteration":592,"passed_time":0.9882001237,"remaining_time":0.6782419062},
{"learn":[0.02836152035],"iteration":593,"passed_time":0.9897166556,"remaining_time":0.6764730003},
{"learn":[0.0282647836],"iteration":594,"passed_time":0.9912358374,"remaining_time":0.6747067465},
{"learn":[0.02811500449],"iteration":595,"passed_time":0.9930489429,"remaining_time":0.6731405586},
{"learn":[0.02811319351],"iteration":596,"passed_time":0.9942873214,"remaining_time":0.6711855788},
{"learn":[0.02810563344],"iteration":597,"passed_time":0.9956982903,"remaining_time":0.6693490179},
{"learn":[0.02804966089],"iteration":598,"passed_time":0.9972797052,"remaining_time":0.667627983},
{"learn":[0.02788253215],"iteration":599,"passed_time":0.9989168962,"remaining_time":0.6659445974},
{"learn":[0.02783129325],"iteration":600,"passed_time":1.000816112,"remaining_time":0.6644353225},
{"learn":[0.02779461487],"iteration":601,"passed_time":1.002205739,"remaining_time":0.6625878475},
{"learn":[0.02779459083],"iteration":602,"passed_time":1.003580864,"remaining_time":0.6607323432},
{"learn":[0.02775740467],"iteration":603,"passed_time":1.005145494,"remaining_time":0.6590026747},
{"learn":[0.02764301322],"iteration":604,"passed_time":1.006552834,"remaining_time":0.6571708586},
{"learn":[0.02757367969],"iteration":605,"passed_time":1.008585519,"remaining_time":0.6557470206},
{"learn":[0.02756608648],"iteration":606,"passed_time":1.009962178,"remaining_time":0.6538964347},
{"learn":[0.02745137084],"iteration":607,"passed_time":1.0115808,"remaining_time":0.6522034102},
{"learn":[0.02744724887],"iteration":608,"passed_time":1.013133362,"remaining_time":0.6504682179},
{"learn":[0.0273772266],"iteration":609,"passed_time":1.014842801,"remaining_time":0.6488339222},
{"learn":[0.02737549096],"iteration":610,"passed_time":1.016425117,"remaining_time":0.6471184461},
{"learn":[0.02729900705],"iteration":611,"passed_time":1.017853034,"remaining_time":0.6453055181},
{"learn":[0.02712341733],"iteration":612,"passed_time":1.019538611,"remaining_time":0.6436565128},
{"learn":[0.02705920673],"iteration":613,"passed_time":1.020890885,"remaining_time":0.6417978525},
{"learn":[0.02701688568],"iteration":614,"passed_time":1.02229979,"remaining_time":0.6399762914},
{"learn":[0.02700027253],"iteration":615,"passed_time":1.024101351,"remaining_time":0.6384008424},
{"learn":[0.02698517173],"iteration":616,"passed_time":1.025443765,"remaining_time":0.6365396468},
{"learn":[0.02698514844],"iteration":617,"passed_time":1.026796667,"remaining_time":0.634686613},
{"learn":[0.02696036656],"iteration":618,"passed_time":1.02832819,"remaining_time":0.632945138},
{"learn":[0.02694556248],"iteration":619,"passed_time":1.030140394,"remaining_time":0.6313763706},
{"learn":[0.02689373605],"iteration":620,"passed_time":1.031768072,"remaining_time":0.6296942017},
{"learn":[0.02684723069],"iteration":621,"passed_time":1.033160609,"remaining_time":0.6278693092},
{"learn":[0.02684025088],"iteration":622,"passed_time":1.034551032,"remaining_time":0.6260445253},
{"learn":[0.02664726784],"iteration":623,"passed_time":1.035837715,"remaining_time":0.6241586233},
{"learn":[0.02664243538],"iteration":624,"passed_time":1.037141048,"remaining_time":0.6222846288},
{"learn":[0.02662997643],"iteration":625,"passed_time":1.038745375,"remaining_time":0.6205922846},
{"learn":[0.02658674674],"iteration":626,"passed_time":1.040415268,"remaining_time":0.6189392266},
{"learn":[0.02652927079],"iteration":627,"passed_time":1.041815088,"remaining_time":0.6171261349},
{"learn":[0.02652533063],"iteration":628,"passed_time":1.043475326,"remaining_time":0.6154679588},
{"learn":[0.02652179917],"iteration":629,"passed_time":1.044949198,"remaining_time":0.6137003226},
{"learn":[0.02636971988],"iteration":630,"passed_time":1.046761431,"remaining_time":0.6121314869},
{"learn":[0.02636506822],"iteration":631,"passed_time":1.048110975,"remaining_time":0.6102924663},
{"learn":[0.02633900551],"iteration":632,"passed_time":1.049395947,"remaining_time":0.6084175552},
{"learn":[0.02633455758],"iteration":633,"passed_time":1.050698692,"remaining_time":0.6065547654},
{"learn":[0.02628901757],"iteration":634,"passed_time":1.051965564,"remaining_time":0.6046731193},
{"learn":[0.02621912616],"iteration":635,"passed_time":1.053280364,"remaining_time":0.6028208373},
{"learn":[0.02615319817],"iteration":636,"passed_time":1.054761341,"remaining_time":0.6010649401},
{"learn":[0.02606679669],"iteration":637,"passed_time":1.056214397,"remaining_time":0.5992940625},
{"learn":[0.0260002171],"iteration":638,"passed_time":1.057752624,"remaining_time":0.5975722963},
{"learn":[0.02593724147],"iteration":639,"passed_time":1.059339559,"remaining_time":0.5958785017},
{"learn":[0.02589854883],"iteration":640,"passed_time":1.060787943,"remaining_time":0.5941074441},
{"learn":[0.0258946464],"iteration":641,"passed_time":1.062482242,"remaining_time":0.5924745214},
{"learn":[0.02589252643],"iteration":642,"passed_time":1.063695067,"remaining_time":0.5905740886},
{"learn":[0.02588876482],"iteration":643,"passed_time":1.064981564,"remaining_time":0.5887165167},
{"learn":[0.02583875428],"iteration":644,"passed_time":1.066215472,"remaining_time":0.5868317717},
{"learn":[0.02580436815],"iteration":645,"passed_time":1.067558934,"remaining_time":0.5850090752},
{"learn":[0.02572490189],"iteration":646,"passed_time":1.068825161,"remaining_time":0.5831457215},
{"learn":[0.0257104691],"iteration":647,"passed_time":1.070371937,"remaining_time":0.5814366079},
{"learn":[0.0257100019],"iteration":648,"passed_time":1.071756027,"remaining_time":0.5796400086},
{"learn":[0.02568851193],"iteration":649,"passed_time":1.073031003,"remaining_time":0.5777859244},
{"learn":[0.02563187054],"iteration":650,"passed_time":1.074510245,"remaining_time":0.5760431266},
{"learn":[0.02562839328],"iteration":651,"passed_time":1.075878297,"remaining_time":0.5742417905},
{"learn":[0.0255756697],"iteration":652,"passed_time":1.077698051,"remaining_time":0.5726818129},
{"learn":[0.02557479001],"iteration":653,"passed_time":1.078874284,"remaining_time":0.5707805843},
{"learn":[0.02551892635],"iteration":654,"passed_time":1.080158528,"remaining_time":0.5689384611},
{"learn":[0.02551535467],"iteration":655,"passed_time":1.081335942,"remaining_time":0.5670420182},
{"learn":[0.02546139309],"iteration":656,"passed_time":1.082692259,"remaining_time":0.5652411642},
{"learn":[0.02542615149],"iteration":657,"passed_time":1.083925333,"remaining_time":0.5633776048},
{"learn":[0.02542615149],"iteration":658,"passed_time":1.085109906,"remaining_time":0.5614908616},
{"learn":[0.02540596923],"iteration":659,"passed_time":1.086790485,"remaining_time":0.5598617648},
{"learn":[0.02537039999],"iteration":660,"passed_time":1.088143814,"remaining_time":0.5580646791},
{"learn":[0.02532703584],"iteration":661,"passed_time":1.089485958,"remaining_time":0.5562632234},
{"learn":[0.02531247755],"iteration":662,"passed_time":1.090940944,"remaining_time":0.5545205099},
{"learn":[0.0252408347],"iteration":663,"passed_time":1.092359512,"remaining_time":0.5527602351},
{"learn":[0.02507641028],"iteration":664,"passed_time":1.094075722,"remaining_time":0.5511509275},
{"learn":[0.02504865031],"iteration":665,"passed_time":1.095344175,"remaining_time":0.5493167483},
{"learn":[0.0250026268],"iteration":666,"passed_time":1.096622375,"remaining_time":0.5474891318},
{"learn":[0.0250012756],"iteration":667,"passed_time":1.097892947,"remaining_time":0.5456593689},
{"learn":[0.02494178391],"iteration":668,"passed_time":1.099131901,"remaining_time":0.5438156343},
{"learn":[0.02484159995],"iteration":669,"passed_time":1.100357179,"remaining_time":0.5419669688},
{"learn":[0.02480131688],"iteration":670,"passed_time":1.101830977,"remaining_time":0.5402420142},
{"learn":[0.02479776957],"iteration":671,"passed_time":1.103104926,"remaining_time":0.5384202616},
{"learn":[0.02479379616],"iteration":672,"passed_time":1.104340872,"remaining_time":0.5365816718},
{"learn":[0.02476171985],"iteration":673,"passed_time":1.105687506,"remaining_time":0.534798408},
{"learn":[0.02472723179],"iteration":674,"passed_time":1.107062654,"remaining_time":0.5330301665},
{"learn":[0.02466806129],"iteration":675,"passed_time":1.10893367,"remaining_time":0.5315007533},
{"learn":[0.02466689595],"iteration":676,"passed_time":1.110152651,"remaining_time":0.5296592413},
{"learn":[0.02461411604],"iteration":677,"passed_time":1.111597553,"remaining_time":0.5279268614},
{"learn":[0.02458520807],"iteration":678,"passed_time":1.112949667,"remaining_time":0.5261514627},
{"learn":[0.02449281846],"iteration":679,"passed_time":1.114200271,"remaining_time":0.5243295392},
{"learn":[0.02448348935],"iteration":680,"passed_time":1.115401877,"remaining_time":0.5224863416},
{"learn":[0.02447977634],"iteration":681,"passed_time":1.116630245,"remaining_time":0.5206575043},
{"learn":[0.02447647737],"iteration":682,"passed_time":1.118240461,"remaining_time":0.5190076519},
{"learn":[0.02445020556],"iteration":683,"passed_time":1.119545864,"remaining_time":0.5172170949},
{"learn":[0.0243866884],"iteration":684,"passed_time":1.121064501,"remaining_time":0.5155260116},
{"learn":[0.02433718492],"iteration":685,"passed_time":1.122438746,"remaining_time":0.5137693387},
{"learn":[0.02420539428],"iteration":686,"passed_time":1.123848886,"remaining_time":0.512030133},
{"learn":[0.02411202237],"iteration":687,"passed_time":1.125091177,"remaining_time":0.5102157662},
{"learn":[0.02408169732],"iteration":688,"passed_time":1.126294417,"remaining_time":0.5083854334},
{"learn":[0.02393399985],"iteration":689,"passed_time":1.127446391,"remaining_time":0.5065338856},
{"learn":[0.02389802064],"iteration":690,"passed_time":1.128749528,"remaining_time":0.5047519598},
{"learn":[0.02384418415],"iteration":691,"passed_time":1.130181653,"remaining_time":0.503028828},
{"learn":[0.02379533157],"iteration":692,"passed_time":1.131509703,"remaining_time":0.5012604313},
{"learn":[0.02363148557],"iteration":693,"passed_time":1.133304113,"remaining_time":0.4996989318},
{"learn":[0.02362122782],"iteration":694,"passed_time":1.134696351,"remaining_time":0.497960269},
{"learn":[0.0235852368],"iteration":695,"passed_time":1.136079238,"remaining_time":0.4962185176},
{"learn":[0.02353073676],"iteration":696,"passed_time":1.137619728,"remaining_time":0.4945463091},
{"learn":[0.02346702656],"iteration":697,"passed_time":1.139030287,"remaining_time":0.4928182617},
{"learn":[0.02346350316],"iteration":698,"passed_time":1.140711348,"remaining_time":0.4912076048},
{"learn":[0.02345348227],"iteration":699,"passed_time":1.141931727,"remaining_time":0.4893993117},
{"learn":[0.02341752254],"iteration":700,"passed_time":1.143233237,"remaining_time":0.487627301},
{"learn":[0.02341637121],"iteration":701,"passed_time":1.144422205,"remaining_time":0.4858088564},
{"learn":[0.02340702468],"iteration":702,"passed_time":1.14567879,"remaining_time":0.4840207689},
{"learn":[0.02337610269],"iteration":703,"passed_time":1.14694444,"remaining_time":0.4822380031},
{"learn":[0.02337315611],"iteration":704,"passed_time":1.148987182,"remaining_time":0.4807818705},
{"learn":[0.02333521624],"iteration":705,"passed_time":1.150581084,"remaining_time":0.4791371652},
{"learn":[0.02332652264],"iteration":706,"passed_time":1.151809506,"remaining_time":0.4773411388},
{"learn":[0.02329261806],"iteration":707,"passed_time":1.153268399,"remaining_time":0.4756417692},
{"learn":[0.02328977222],"iteration":708,"passed_time":1.154558868,"remaining_time":0.4738739502},
{"learn":[0.02323964233],"iteration":709,"passed_time":1.156029138,"remaining_time":0.4721809153},
{"learn":[0.02321994169],"iteration":710,"passed_time":1.157261805,"remaining_time":0.4703919293},
{"learn":[0.023218016],"iteration":711,"passed_time":1.158378655,"remaining_time":0.4685576582},
{"learn":[0.02317531135],"iteration":712,"passed_time":1.159623286,"remaining_time":0.4667768344},
{"learn":[0.02312387187],"iteration":713,"passed_time":1.160789981,"remaining_time":0.4649662947},
{"learn":[0.02312329226],"iteration":714,"passed_time":1.161841869,"remaining_time":0.4631117939},
{"learn":[0.02308198374],"iteration":715,"passed_time":1.163187335,"remaining_time":0.4613759821},
{"learn":[0.02304670027],"iteration":716,"passed_time":1.165094317,"remaining_time":0.4598628896},
{"learn":[0.02295814213],"iteration":717,"passed_time":1.166480533,"remaining_time":0.4581441649},
{"learn":[0.02291659266],"iteration":718,"passed_time":1.167981366,"remaining_time":0.4564711596},
{"learn":[0.02291653625],"iteration":719,"passed_time":1.169319767,"remaining_time":0.4547354649},
{"learn":[0.02288097491],"iteration":720,"passed_time":1.17083264,"remaining_time":0.4530683862},
{"learn":[0.02281938364],"iteration":721,"passed_time":1.17255541,"remaining_time":0.451482554},
{"learn":[0.02270802575],"iteration":722,"passed_time":1.173781573,"remaining_time":0.4497060798},
{"learn":[0.0227080185],"iteration":723,"passed_time":1.174876153,"remaining_time":0.4478809645},
{"learn":[0.02269956356],"iteration":724,"passed_time":1.176103532,"remaining_time":0.4461082365},
{"learn":[0.02265423831],"iteration":725,"passed_time":1.177299772,"remaining_time":0.4443252583},
{"learn":[0.02256211911],"iteration":726,"passed_time":1.178540588,"remaining_time":0.4425606336},
{"learn":[0.02256077929],"iteration":727,"passed_time":1.179752424,"remaining_time":0.44078662},
{"learn":[0.02254729633],"iteration":728,"passed_time":1.181341674,"remaining_time":0.4391544495},
{"learn":[0.02254476764],"iteration":729,"passed_time":1.182631035,"remaining_time":0.4374114786},
{"learn":[0.02252650694],"iteration":730,"passed_time":1.184189255,"remaining_time":0.4357686862},
{"learn":[0.02247454096],"iteration":731,"passed_time":1.185562463,"remaining_time":0.4340583881},
{"learn":[0.0224738717],"iteration":732,"passed_time":1.187204754,"remaining_time":0.4324470248},
{"learn":[0.02244473293],"iteration":733,"passed_time":1.1885973,"remaining_time":0.4307450705},
{"learn":[0.0224060284],"iteration":734,"passed_time":1.189922401,"remaining_time":0.4290196414},
{"learn":[0.02234037375],"iteration":735,"passed_time":1.191159583,"remaining_time":0.4272637635},
{"learn":[0.02230893757],"iteration":736,"passed_time":1.19240035,"remaining_time":0.4255105726},
{"learn":[0.02230661963],"iteration":737,"passed_time":1.193870716,"remaining_time":0.4238402814},
{"learn":[0.02230225791],"iteration":738,"passed_time":1.195034776,"remaining_time":0.4220623499},
{"learn":[0.02228230666],"iteration":739,"passed_time":1.19671337,"remaining_time":0.4204668599},
{"learn":[0.022266992],"iteration":740,"passed_time":1.198054861,"remaining_time":0.4187533184},
{"learn":[0.02226456626],"iteration":741,"passed_time":1.199358541,"remaining_time":0.417027633},
{"learn":[0.02219622908],"iteration":742,"passed_time":1.200829095,"remaining_time":0.415360804},
{"learn":[0.02218958592],"iteration":743,"passed_time":1.202356671,"remaining_time":0.4137141235},
{"learn":[0.02215508984],"iteration":744,"passed_time":1.203879602,"remaining_time":0.4120661725},
{"learn":[0.02212162049],"iteration":745,"passed_time":1.205092141,"remaining_time":0.4103128737},
{"learn":[0.02209016403],"iteration":746,"passed_time":1.20630385,"remaining_time":0.4085607416},
{"learn":[0.02207351277],"iteration":747,"passed_time":1.207562451,"remaining_time":0.4068258524},
{"learn":[0.02205556954],"iteration":748,"passed_time":1.208805325,"remaining_time":0.4050869648},
{"learn":[0.02204585956],"iteration":749,"passed_time":1.210018143,"remaining_time":0.403339381},
{"learn":[0.02202079389],"iteration":750,"passed_time":1.211407497,"remaining_time":0.4016517533},
{"learn":[0.02195582087],"iteration":751,"passed_time":1.212988547,"remaining_time":0.4000281378},
{"learn":[0.02190656521],"iteration":752,"passed_time":1.2143131,"remaining_time":0.3983204991},
{"learn":[0.02187020069],"iteration":753,"passed_time":1.215749593,"remaining_time":0.3966503977},
{"learn":[0.02183266905],"iteration":754,"passed_time":1.217076607,"remaining_time":0.3949453889},
{"learn":[0.02179028065],"iteration":755,"passed_time":1.218562714,"remaining_time":0.3932927279},
{"learn":[0.02176206269],"iteration":756,"passed_time":1.219781093,"remaining_time":0.391554565},
{"learn":[0.02170159044],"iteration":757,"passed_time":1.221035522,"remaining_time":0.3898292828},
{"learn":[0.02168716058],"iteration":758,"passed_time":1.222347121,"remaining_time":0.388123394},
{"learn":[0.02165999569],"iteration":759,"passed_time":1.223576299,"remaining_time":0.3863925154},
{"learn":[0.02162838515],"iteration":760,"passed_time":1.22483866,"remaining_time":0.3846733768},
{"learn":[0.02162263021],"iteration":761,"passed_time":1.226017973,"remaining_time":0.3829294981},
{"learn":[0.02162094051],"iteration":762,"passed_time":1.227546491,"remaining_time":0.381295568},
{"learn":[0.02155645891],"iteration":763,"passed_time":1.228945885,"remaining_time":0.3796220272},
{"learn":[0.02152716513],"iteration":764,"passed_time":1.230201058,"remaining_time":0.3779049001},
{"learn":[0.02143034639],"iteration":765,"passed_time":1.231510855,"remaining_time":0.3762056658},
{"learn":[0.02133743916],"iteration":766,"passed_time":1.232812215,"remaining_time":0.374504884},
{"learn":[0.02131170517],"iteration":767,"passed_time":1.234531612,"remaining_time":0.3729314243},
{"learn":[0.02127218858],"iteration":768,"passed_time":1.235798116,"remaining_time":0.3712215408},
{"learn":[0.02124495365],"iteration":769,"passed_time":1.23702137,"remaining_time":0.3694998897},
{"learn":[0.021214942],"iteration":770,"passed_time":1.23823209,"remaining_time":0.367775809},
{"learn":[0.02121324006],"iteration":771,"passed_time":1.23934602,"remaining_time":0.3660244721},
{"learn":[0.02118598967],"iteration":772,"passed_time":1.240547671,"remaining_time":0.3643005451},
{"learn":[0.02114833985],"iteration":773,"passed_time":1.241799174,"remaining_time":0.3625925237},
{"learn":[0.02112735066],"iteration":774,"passed_time":1.243303322,"remaining_time":0.3609590289},
{"learn":[0.02112730815],"iteration":775,"passed_time":1.244653182,"remaining_time":0.3592813308},
{"learn":[0.02107906521],"iteration":776,"passed_time":1.245984742,"remaining_time":0.3575992244},
{"learn":[0.02107893285],"iteration":777,"passed_time":1.247310977,"remaining_time":0.3559164998},
{"learn":[0.02107652497],"iteration":778,"passed_time":1.248626511,"remaining_time":0.3542316545},
{"learn":[0.02107650843],"iteration":779,"passed_time":1.250004324,"remaining_time":0.3525653222},
{"learn":[0.02107415431],"iteration":780,"passed_time":1.25120659,"remaining_time":0.3508505035},
{"learn":[0.0209705597],"iteration":781,"passed_time":1.252383411,"remaining_time":0.3491299024},
{"learn":[0.02097055762],"iteration":782,"passed_time":1.253461523,"remaining_time":0.3473833339},
{"learn":[0.02094530912],"iteration":783,"passed_time":1.254697404,"remaining_time":0.3456819378},
{"learn":[0.02094373919],"iteration":784,"passed_time":1.255828963,"remaining_time":0.3439531555},
{"learn":[0.02084459734],"iteration":785,"passed_time":1.257155394,"remaining_time":0.3422789495},
{"learn":[0.02080293909],"iteration":786,"passed_time":1.258471926,"remaining_time":0.3406029482},
{"learn":[0.02080293553],"iteration":787,"passed_time":1.259879378,"remaining_time":0.3389523199},
{"learn":[0.0207997111],"iteration":788,"passed_time":1.26119131,"remaining_time":0.3372767634},
{"learn":[0.02079605947],"iteration":789,"passed_time":1.262400627,"remaining_time":0.3355748501},
{"learn":[0.02077428409],"iteration":790,"passed_time":1.26386728,"remaining_time":0.3339421764},
{"learn":[0.02077412066],"iteration":791,"passed_time":1.265320965,"remaining_time":0.332306516},
{"learn":[0.02073568808],"iteration":792,"passed_time":1.266712361,"remaining_time":0.3306550552},
{"learn":[0.02073567468],"iteration":793,"passed_time":1.267748593,"remaining_time":0.3289121034},
{"learn":[0.02073567099],"iteration":794,"passed_time":1.26886006,"remaining_time":0.3271903298},
{"learn":[0.02073323809],"iteration":795,"passed_time":1.269979111,"remaining_time":0.3254720336},
{"learn":[0.02073320118],"iteration":796,"passed_time":1.271055735,"remaining_time":0.3237444343},
{"learn":[0.02073317193],"iteration":797,"passed_time":1.272210265,"remaining_time":0.3220381873},
{"learn":[0.02073316384],"iteration":798,"passed_time":1.273400924,"remaining_time":0.3203424101},
{"learn":[0.02073090686],"iteration":799,"passed_time":1.275099003,"remaining_time":0.3187747509},
{"learn":[0.02071531914],"iteration":800,"passed_time":1.276397671,"remaining_time":0.3171075363},
{"learn":[0.02069279932],"iteration":801,"passed_time":1.277682944,"remaining_time":0.3154379337},
{"learn":[0.02065765391],"iteration":802,"passed_time":1.279184694,"remaining_time":0.313822397},
{"learn":[0.02060937151],"iteration":803,"passed_time":1.280559809,"remaining_time":0.3121762719},
{"learn":[0.02058050449],"iteration":804,"passed_time":1.28203021,"remaining_time":0.3105539018},
{"learn":[0.02049089493],"iteration":805,"passed_time":1.283231429,"remaining_time":0.3088671182},
{"learn":[0.0204599108],"iteration":806,"passed_time":1.284470242,"remaining_time":0.3071905288},
{"learn":[0.02043500054],"iteration":807,"passed_time":1.285651648,"remaining_time":0.3055013817},
{"learn":[0.02043231709],"iteration":808,"passed_time":1.286834662,"remaining_time":0.3038138696},
{"learn":[0.02041735496],"iteration":809,"passed_time":1.288036528,"remaining_time":0.3021320252},
{"learn":[0.02039248402],"iteration":810,"passed_time":1.289262465,"remaining_time":0.3004569739},
{"learn":[0.02037447101],"iteration":811,"passed_time":1.290967287,"remaining_time":0.2988939039},
{"learn":[0.02033179363],"iteration":812,"passed_time":1.29220287,"remaining_time":0.2972225544},
{"learn":[0.02033082823],"iteration":813,"passed_time":1.293384784,"remaining_time":0.2955400121},
{"learn":[0.02031159252],"iteration":814,"passed_time":1.29459277,"remaining_time":0.2938646164},
{"learn":[0.0202615501],"iteration":815,"passed_time":1.295821499,"remaining_time":0.2921950438},
{"learn":[0.02023732188],"iteration":816,"passed_time":1.297032142,"remaining_time":0.2905224994},
{"learn":[0.02020406597],"iteration":817,"passed_time":1.298260815,"remaining_time":0.2888550959},
{"learn":[0.02016628679],"iteration":818,"passed_time":1.299476808,"remaining_time":0.2871859613},
{"learn":[0.02013573101],"iteration":819,"passed_time":1.300699052,"remaining_time":0.285519304},
{"learn":[0.02012140917],"iteration":820,"passed_time":1.301871572,"remaining_time":0.2838428884},
{"learn":[0.02009571981],"iteration":821,"passed_time":1.303107907,"remaining_time":0.2821815176},
{"learn":[0.02007164221],"iteration":822,"passed_time":1.304330818,"remaining_time":0.2805182926},
{"learn":[0.02007163264],"iteration":823,"passed_time":1.305446782,"remaining_time":0.2788332933},
{"learn":[0.02005440553],"iteration":824,"passed_time":1.306690729,"remaining_time":0.2771768212},
{"learn":[0.02003980632],"iteration":825,"passed_time":1.307990002,"remaining_time":0.2755330028},
{"learn":[0.01999419848],"iteration":826,"passed_time":1.309237244,"remaining_time":0.2738791333},
{"learn":[0.0199228681],"iteration":827,"passed_time":1.310447918,"remaining_time":0.2722186495},
{"learn":[0.01982841719],"iteration":828,"passed_time":1.311660877,"remaining_time":0.2705597225},
{"learn":[0.01979234711],"iteration":829,"passed_time":1.312868941,"remaining_time":0.2689008675},
{"learn":[0.01977137453],"iteration":830,"passed_time":1.314096015,"remaining_time":0.2672469632},
{"learn":[0.01972057113],"iteration":831,"passed_time":1.315336282,"remaining_time":0.2655967493},
{"learn":[0.01969378285],"iteration":832,"passed_time":1.316561344,"remaining_time":0.2639444711},
{"learn":[0.01969183358],"iteration":833,"passed_time":1.317762732,"remaining_time":0.2622885054},
{"learn":[0.01964230648],"iteration":834,"passed_time":1.319031198,"remaining_time":0.2606468835},
{"learn":[0.01957879605],"iteration":835,"passed_time":1.320240618,"remaining_time":0.258994571},
{"learn":[0.01955533412],"iteration":836,"passed_time":1.321478528,"remaining_time":0.2573488651},
{"learn":[0.01952029951],"iteration":837,"passed_time":1.322706798,"remaining_time":0.2557022689},
{"learn":[0.01948114038],"iteration":838,"passed_time":1.323943736,"remaining_time":0.2540583332},
{"learn":[0.01948087351],"iteration":839,"passed_time":1.325064162,"remaining_time":0.2523931738},
{"learn":[0.01946313802],"iteration":840,"passed_time":1.326354613,"remaining_time":0.2507614549},
{"learn":[0.01944202974],"iteration":841,"passed_time":1.327578177,"remaining_time":0.2491179952},
{"learn":[0.01942065319],"iteration":842,"passed_time":1.328787363,"remaining_time":0.247472854},
{"learn":[0.01938154741],"iteration":843,"passed_time":1.330009001,"remaining_time":0.2458310476},
{"learn":[0.01936259637],"iteration":844,"passed_time":1.331213864,"remaining_time":0.2441871585},
{"learn":[0.0193193972],"iteration":845,"passed_time":1.332425402,"remaining_time":0.2425455224},
{"learn":[0.01931936739],"iteration":846,"passed_time":1.333537997,"remaining_time":0.2408870289},
{"learn":[0.01929841742],"iteration":847,"passed_time":1.334739567,"remaining_time":0.2392457715},
{"learn":[0.01927925699],"iteration":848,"passed_time":1.335949133,"remaining_time":0.2376069719},
{"learn":[0.01925596337],"iteration":849,"passed_time":1.337175424,"remaining_time":0.2359721337},
{"learn":[0.01923189336],"iteration":850,"passed_time":1.338514672,"remaining_time":0.2343580331},
{"learn":[0.01923161882],"iteration":851,"passed_time":1.339689314,"remaining_time":0.2327159842},
{"learn":[0.0192187101],"iteration":852,"passed_time":1.340920261,"remaining_time":0.2310847344},
{"learn":[0.01920707062],"iteration":853,"passed_time":1.34211001,"remaining_time":0.2294473787},
{"learn":[0.01920569845],"iteration":854,"passed_time":1.343267776,"remaining_time":0.2278056461},
{"learn":[0.01920380006],"iteration":855,"passed_time":1.344469511,"remaining_time":0.2261724411},
{"learn":[0.01919177203],"iteration":856,"passed_time":1.34569964,"remaining_time":0.2245449807},
{"learn":[0.01912480937],"iteration":857,"passed_time":1.346911994,"remaining_time":0.2229155049},
{"learn":[0.01912275114],"iteration":858,"passed_time":1.348080421,"remaining_time":0.2212797898},
{"learn":[0.0191227454],"iteration":859,"passed_time":1.349200272,"remaining_time":0.2196372536},
{"learn":[0.01909161322],"iteration":860,"passed_time":1.350416977,"remaining_time":0.2180115676},
{"learn":[0.0190539133],"iteration":861,"passed_time":1.351981426,"remaining_time":0.2164425021},
{"learn":[0.01904864242],"iteration":862,"passed_time":1.353205818,"remaining_time":0.2148194637},
{"learn":[0.01901841414],"iteration":863,"passed_time":1.354394011,"remaining_time":0.2131916499},
{"learn":[0.01899806478],"iteration":864,"passed_time":1.355577059,"remaining_time":0.2115640496},
{"learn":[0.01898371534],"iteration":865,"passed_time":1.356788273,"remaining_time":0.2099418344},
{"learn":[0.01897027171],"iteration":866,"passed_time":1.357985495,"remaining_time":0.2083184208},
{"learn":[0.01895216542],"iteration":867,"passed_time":1.359151919,"remaining_time":0.2066913057},
{"learn":[0.01888603661],"iteration":868,"passed_time":1.360396292,"remaining_time":0.2050770015},
{"learn":[0.01882572221],"iteration":869,"passed_time":1.361595237,"remaining_time":0.2034567595},
{"learn":[0.01881972921],"iteration":870,"passed_time":1.362758087,"remaining_time":0.2018321392},
{"learn":[0.01879173157],"iteration":871,"passed_time":1.363919317,"remaining_time":0.2002083402},
{"learn":[0.01876715599],"iteration":872,"passed_time":1.365059918,"remaining_time":0.1985825997},
{"learn":[0.01872362844],"iteration":873,"passed_time":1.366323428,"remaining_time":0.1969756887},
{"learn":[0.01871539259],"iteration":874,"passed_time":1.367435365,"remaining_time":0.1953479093},
{"learn":[0.01864169171],"iteration":875,"passed_time":1.368658598,"remaining_time":0.1937370619},
{"learn":[0.01863973867],"iteration":876,"passed_time":1.369883984,"remaining_time":0.1921274003},
{"learn":[0.01857984716],"iteration":877,"passed_time":1.371116036,"remaining_time":0.1905195404},
{"learn":[0.01857859509],"iteration":878,"passed_time":1.372299076,"remaining_time":0.1889057887},
{"learn":[0.01857808706],"iteration":879,"passed_time":1.373421813,"remaining_time":0.1872847927},
{"learn":[0.01857804615],"iteration":880,"passed_time":1.374563359,"remaining_time":0.1856674684},
{"learn":[0.01856005429],"iteration":881,"passed_time":1.375760083,"remaining_time":0.1840586052},
{"learn":[0.01848713705],"iteration":882,"passed_time":1.376975428,"remaining_time":0.1824531428},
{"learn":[0.01847669179],"iteration":883,"passed_time":1.378171211,"remaining_time":0.180845996},
{"learn":[0.0184485355],"iteration":884,"passed_time":1.379392787,"remaining_time":0.1792431306},
{"learn":[0.01843469543],"iteration":885,"passed_time":1.380580252,"remaining_time":0.1776367367},
{"learn":[0.01840791402],"iteration":886,"passed_time":1.381779026,"remaining_time":0.1760327282},
{"learn":[0.01839630092],"iteration":887,"passed_time":1.382956117,"remaining_time":0.1744268976},
{"learn":[0.0183956308],"iteration":888,"passed_time":1.384103193,"remaining_time":0.172818284},
{"learn":[0.01838807004],"iteration":889,"passed_time":1.38532138,"remaining_time":0.1712194963},
{"learn":[0.01835203683],"iteration":890,"passed_time":1.386518445,"remaining_time":0.1696189792},
{"learn":[0.01832551349],"iteration":891,"passed_time":1.387718954,"remaining_time":0.1680197836},
{"learn":[0.01832383273],"iteration":892,"passed_time":1.388933466,"remaining_time":0.1664231589},
{"learn":[0.01830342364],"iteration":893,"passed_time":1.390164277,"remaining_time":0.1648293214},
{"learn":[0.01828665119],"iteration":894,"passed_time":1.391374714,"remaining_time":0.163233905},
{"learn":[0.01822001622],"iteration":895,"passed_time":1.392581815,"remaining_time":0.1616389606},
{"learn":[0.01820247533],"iteration":896,"passed_time":1.393785925,"remaining_time":0.1600445376},
{"learn":[0.01819090254],"iteration":897,"passed_time":1.394990869,"remaining_time":0.1584510787},
{"learn":[0.01819088636],"iteration":898,"passed_time":1.396130841,"remaining_time":0.1568511846},
{"learn":[0.01819088551],"iteration":899,"passed_time":1.397257231,"remaining_time":0.1552508034},
{"learn":[0.01817895338],"iteration":900,"passed_time":1.398461887,"remaining_time":0.1536600742},
{"learn":[0.01804597009],"iteration":901,"passed_time":1.399689578,"remaining_time":0.1520727036},
{"learn":[0.01803092622],"iteration":902,"passed_time":1.400911304,"remaining_time":0.150485489},
{"learn":[0.01803090058],"iteration":903,"passed_time":1.402042325,"remaining_time":0.1488894505},
{"learn":[0.01801486622],"iteration":904,"passed_time":1.403270967,"remaining_time":0.1473046871},
{"learn":[0.0180148093],"iteration":905,"passed_time":1.40437956,"remaining_time":0.1457082546},
{"learn":[0.01801313683],"iteration":906,"passed_time":1.40556795,"remaining_time":0.1441210797},
{"learn":[0.01800207559],"iteration":907,"passed_time":1.406794402,"remaining_time":0.1425386399},
{"learn":[0.01794292064],"iteration":908,"passed_time":1.408031861,"remaining_time":0.1409580851},
{"learn":[0.0179421583],"iteration":909,"passed_time":1.409132165,"remaining_time":0.1393647197},
{"learn":[0.01791555345],"iteration":910,"passed_time":1.410346565,"remaining_time":0.1377835831},
{"learn":[0.01791554929],"iteration":911,"passed_time":1.411506242,"remaining_time":0.1361979707},
{"learn":[0.01788654342],"iteration":912,"passed_time":1.412730487,"remaining_time":0.134619444},
{"learn":[0.0178631139],"iteration":913,"passed_time":1.413964031,"remaining_time":0.1330425675},
{"learn":[0.01783812362],"iteration":914,"passed_time":1.415155266,"remaining_time":0.1314625111},
{"learn":[0.01773243486],"iteration":915,"passed_time":1.416369486,"remaining_time":0.1298854114},
{"learn":[0.01770871581],"iteration":916,"passed_time":1.417643603,"remaining_time":0.1283145246},
{"learn":[0.01769269418],"iteration":917,"passed_time":1.418888044,"remaining_time":0.1267416335},
{"learn":[0.01767780296],"iteration":918,"passed_time":1.420089195,"remaining_time":0.1251656418},
{"learn":[0.01767619306],"iteration":919,"passed_time":1.421257836,"remaining_time":0.1235876379},
{"learn":[0.01765088319],"iteration":920,"passed_time":1.422499194,"remaining_time":0.1220167604},
{"learn":[0.0176505633],"iteration":921,"passed_time":1.423628356,"remaining_time":0.120437106},
{"learn":[0.0176375623],"iteration":922,"passed_time":1.424834653,"remaining_time":0.1188648627},
{"learn":[0.0176342089],"iteration":923,"passed_time":1.426102182,"remaining_time":0.1172984479},
{"learn":[0.01763363482],"iteration":924,"passed_time":1.427256072,"remaining_time":0.1157234653},
{"learn":[0.017619029],"iteration":925,"passed_time":1.428474077,"remaining_time":0.1141545159},
{"learn":[0.01761661059],"iteration":926,"passed_time":1.429661835,"remaining_time":0.1125839417},
{"learn":[0.01761660508],"iteration":927,"passed_time":1.430878351,"remaining_time":0.1110164238},
{"learn":[0.01761660383],"iteration":928,"passed_time":1.432114399,"remaining_time":0.1094511543},
{"learn":[0.01761660259],"iteration":929,"passed_time":1.433396847,"remaining_time":0.1078900853},
{"learn":[0.01760096081],"iteration":930,"passed_time":1.434759139,"remaining_time":0.1063355323},
{"learn":[0.01759093507],"iteration":931,"passed_time":1.436111744,"remaining_time":0.1047806852},
{"learn":[0.01759079927],"iteration":932,"passed_time":1.437382129,"remaining_time":0.1032203672},
{"learn":[0.01758383092],"iteration":933,"passed_time":1.43881545,"remaining_time":0.1016721838},
{"learn":[0.01758380995],"iteration":934,"passed_time":1.439955486,"remaining_time":0.1001038573},
{"learn":[0.01757706435],"iteration":935,"passed_time":1.441139534,"remaining_time":0.09853945532},
{"learn":[0.01753946309],"iteration":936,"passed_time":1.442273966,"remaining_time":0.09697252917},
{"learn":[0.01750453443],"iteration":937,"passed_time":1.44346136,"remaining_time":0.09541002591},
{"learn":[0.0175045098],"iteration":938,"passed_time":1.444519247,"remaining_time":0.09383990849},
{"learn":[0.0174981848],"iteration":939,"passed_time":1.445713947,"remaining_time":0.09227961366},
{"learn":[0.01747607847],"iteration":940,"passed_time":1.446856257,"remaining_time":0.09071681104},
{"learn":[0.0174742447],"iteration":941,"passed_time":1.44792651,"remaining_time":0.08915046451},
{"learn":[0.01746033241],"iteration":942,"passed_time":1.449293538,"remaining_time":0.08760310885},
{"learn":[0.01744585742],"iteration":943,"passed_time":1.450528246,"remaining_time":0.0860482858},
{"learn":[0.01739766721],"iteration":944,"passed_time":1.451765746,"remaining_time":0.08449430267},
{"learn":[0.0173818859],"iteration":945,"passed_time":1.452987598,"remaining_time":0.08294009544},
{"learn":[0.01733393708],"iteration":946,"passed_time":1.454205571,"remaining_time":0.08138637304},
{"learn":[0.01731192464],"iteration":947,"passed_time":1.455535353,"remaining_time":0.07983949192},
{"learn":[0.01730427004],"iteration":948,"passed_time":1.456681472,"remaining_time":0.07828319817},
{"learn":[0.01730143423],"iteration":949,"passed_time":1.457859394,"remaining_time":0.07672944181},
{"learn":[0.01727677895],"iteration":950,"passed_time":1.459079164,"remaining_time":0.07517863199},
{"learn":[0.01724919635],"iteration":951,"passed_time":1.460310905,"remaining_time":0.07362912127},
{"learn":[0.01722573004],"iteration":952,"passed_time":1.461506171,"remaining_time":0.0720784785},
{"learn":[0.01722556077],"iteration":953,"passed_time":1.462611171,"remaining_time":0.07052422837},
{"learn":[0.01721318918],"iteration":954,"passed_time":1.463808343,"remaining_time":0.06897526225},
{"learn":[0.01719382059],"iteration":955,"passed_time":1.465043404,"remaining_time":0.06742877591},
{"learn":[0.01719381826],"iteration":956,"passed_time":1.466185691,"remaining_time":0.06587877191},
{"learn":[0.01719375065],"iteration":957,"passed_time":1.467283138,"remaining_time":0.06432765324},
{"learn":[0.01719061748],"iteration":958,"passed_time":1.46845954,"remaining_time":0.06278085626},
{"learn":[0.01717734572],"iteration":959,"passed_time":1.469681725,"remaining_time":0.06123673855},
{"learn":[0.0171630687],"iteration":960,"passed_time":1.470896693,"remaining_time":0.05969299794},
{"learn":[0.01715744785],"iteration":961,"passed_time":1.472122687,"remaining_time":0.0581503764},
{"learn":[0.01714460501],"iteration":962,"passed_time":1.473331366,"remaining_time":0.0566077472},
{"learn":[0.01712222526],"iteration":963,"passed_time":1.474562733,"remaining_time":0.05506665809},
{"learn":[0.01710422211],"iteration":964,"passed_time":1.475870214,"remaining_time":0.0535289715},
{"learn":[0.01709860411],"iteration":965,"passed_time":1.477130558,"remaining_time":0.05199010246},
{"learn":[0.01708777684],"iteration":966,"passed_time":1.478372846,"remaining_time":0.05045119329},
{"learn":[0.01704759381],"iteration":967,"passed_time":1.479587515,"remaining_time":0.04891198395},
{"learn":[0.01704751413],"iteration":968,"passed_time":1.480743418,"remaining_time":0.04737156446},
{"learn":[0.01704581283],"iteration":969,"passed_time":1.481887514,"remaining_time":0.0458315726},
{"learn":[0.01703470905],"iteration":970,"passed_time":1.483118242,"remaining_time":0.04429498354},
{"learn":[0.01701727796],"iteration":971,"passed_time":1.484313491,"remaining_time":0.04275800179},
{"learn":[0.01700747395],"iteration":972,"passed_time":1.485544775,"remaining_time":0.04122272243},
{"learn":[0.01699814142],"iteration":973,"passed_time":1.486771977,"remaining_time":0.03968795832},
{"learn":[0.01697552631],"iteration":974,"passed_time":1.487988376,"remaining_time":0.03815354809},
{"learn":[0.01697552428],"iteration":975,"passed_time":1.489106963,"remaining_time":0.03661738435},
{"learn":[0.0169545897],"iteration":976,"passed_time":1.490323604,"remaining_time":0.03508438372},
{"learn":[0.01695236875],"iteration":977,"passed_time":1.491524166,"remaining_time":0.03355166835},
{"learn":[0.01694037429],"iteration":978,"passed_time":1.492759686,"remaining_time":0.03202038141},
{"learn":[0.01693892146],"iteration":979,"passed_time":1.493962572,"remaining_time":0.03048903208},
{"learn":[0.01692848563],"iteration":980,"passed_time":1.495179522,"remaining_time":0.02895862479},
{"learn":[0.01690708653],"iteration":981,"passed_time":1.496386904,"remaining_time":0.02742868053},
{"learn":[0.01684928213],"iteration":982,"passed_time":1.497610337,"remaining_time":0.02589967012},
{"learn":[0.01679270882],"iteration":983,"passed_time":1.4988219,"remaining_time":0.0243710878},
{"learn":[0.01679270861],"iteration":984,"passed_time":1.499948285,"remaining_time":0.02284185206},
{"learn":[0.01677614958],"iteration":985,"passed_time":1.501154222,"remaining_time":0.02131456299},
{"learn":[0.01676073201],"iteration":986,"passed_time":1.50237783,"remaining_time":0.01978815784},
{"learn":[0.01666195995],"iteration":987,"passed_time":1.503609901,"remaining_time":0.01826246843},
{"learn":[0.01658213412],"iteration":988,"passed_time":1.504907144,"remaining_time":0.01673809766},
{"learn":[0.01658050901],"iteration":989,"passed_time":1.506044063,"remaining_time":0.01521256629},
{"learn":[0.01655808416],"iteration":990,"passed_time":1.507322905,"remaining_time":0.01368910812},
{"learn":[0.01654062539],"iteration":991,"passed_time":1.508542656,"remaining_time":0.01216566658},
{"learn":[0.01651959325],"iteration":992,"passed_time":1.509820634,"remaining_time":0.01064324717},
{"learn":[0.01646776949],"iteration":993,"passed_time":1.511030824,"remaining_time":0.009120910405},
{"learn":[0.01646775632],"iteration":994,"passed_time":1.512129358,"remaining_time":0.007598639988},
{"learn":[0.01646665443],"iteration":995,"passed_time":1.513307,"remaining_time":0.006077538151},
{"learn":[0.01644903322],"iteration":996,"passed_time":1.514533353,"remaining_time":0.004557271875},
{"learn":[0.01644900816],"iteration":997,"passed_time":1.515625719,"remaining_time":0.00303732609},
{"learn":[0.01644897671],"iteration":998,"passed_time":1.516759264,"remaining_time":0.001518277542},
{"learn":[0.01644896118],"iteration":999,"passed_time":1.51787106,"remaining_time":0}
]}